method_group,model,model_display_name,information_set,historical_n19_score,historical_n19_available,historical_n19_target_support,historical_n19_status,historical_n19_llm_correct_generations,historical_n19_llm_generation_denominator,postcutoff_n12_score,postcutoff_n12_available,postcutoff_n12_target_support,postcutoff_n12_status,postcutoff_n12_llm_correct_generations,postcutoff_n12_llm_generation_denominator,score_contract
operational_baseline,always_hold,Always Hold,constant action,0.000000,5,5,available,,,,0,0,no_target_support,,,mean probability assigned to realized signed action conditional on true hike
operational_baseline,lag1,Lag-1 action,previous policy action,0.400000,5,5,available,,,,0,0,no_target_support,,,mean probability assigned to realized signed action conditional on true hike
operational_baseline,kauppi_mnl,Kauppi-style MNL,three real-time macro variables,0.208928,5,5,available,,,,0,0,no_target_support,,,mean probability assigned to realized signed action conditional on true hike
operational_baseline,ordered_probit,Ordered probit,three real-time macro variables,0.241530,5,5,available,,,,0,0,no_target_support,,,mean probability assigned to realized signed action conditional on true hike
operational_baseline,ordinal_rf,Cumulative ordinal RF,three real-time macro variables,0.490300,5,5,available,,,,0,0,no_target_support,,,mean probability assigned to realized signed action conditional on true hike
operational_baseline,futures,Fed Funds futures,pre-meeting settlement,0.326736,5,5,available,,,,0,0,no_target_support,,,mean probability assigned to realized signed action conditional on true hike
llm_checkpoint,model_chk0,Model chk-0,D-1 Core-8 text,0.260000,5,5,available,13,50,,0,0,no_target_support,,,K=10 empirical parser-recoverable exact-action share conditional on true hike
llm_checkpoint,model_chk1_cp200,Model chk-1 SFT cp200,D-1 Core-8 text,0.200000,5,5,available,10,50,,0,0,no_target_support,,,K=10 empirical parser-recoverable exact-action share conditional on true hike
llm_checkpoint,model_chk3_sft_cp38,Model chk-3 SFT cp38,D-1 Core-8 text,0.380000,5,5,available,19,50,,0,0,no_target_support,,,K=10 empirical parser-recoverable exact-action share conditional on true hike
llm_checkpoint,model_chk3_grpo_cp450,Model chk-3 GRPO cp450,D-1 Core-8 text,0.320000,5,5,available,16,50,,0,0,no_target_support,,,K=10 empirical parser-recoverable exact-action share conditional on true hike
