method_group,model,model_display_name,information_set,historical_n19_score,historical_n19_available,historical_n19_target_support,historical_n19_status,historical_n19_llm_correct_direction_generations,historical_n19_llm_generation_denominator,postcutoff_n12_score,postcutoff_n12_available,postcutoff_n12_target_support,postcutoff_n12_status,postcutoff_n12_llm_correct_direction_generations,postcutoff_n12_llm_generation_denominator,direction_score_contract
operational_baseline,lag1,Lag-1 action,previous policy action,0.666667,9,10,partial_coverage,,,0.888889,9,9,available,,,mean probability assigned to realized direction conditional on true hold
operational_baseline,kauppi_mnl,Kauppi-style MNL,three real-time macro variables,0.831375,10,10,available,,,0.687425,9,9,available,,,mean probability assigned to realized direction conditional on true hold
operational_baseline,ordered_probit,Ordered probit,three real-time macro variables,0.822020,10,10,available,,,0.819447,9,9,available,,,mean probability assigned to realized direction conditional on true hold
operational_baseline,ordinal_rf,Cumulative ordinal RF,three real-time macro variables,0.518620,10,10,available,,,0.356754,9,9,available,,,mean probability assigned to realized direction conditional on true hold
operational_baseline,futures,Fed Funds futures,pre-meeting settlement,0.412892,10,10,available,,,,0,9,unavailable,,,mean probability assigned to realized direction conditional on true hold
llm_checkpoint,model_chk0,Model chk-0,D-1 Core-8 text,0.240000,10,10,available,24,100,0.155556,9,9,available,14,90,K=10 empirical parser-recoverable correct-direction share conditional on true hold
llm_checkpoint,model_chk1_cp200,Model chk-1 SFT cp200,D-1 Core-8 text,0.180000,10,10,available,18,100,0.111111,9,9,available,10,90,K=10 empirical parser-recoverable correct-direction share conditional on true hold
llm_checkpoint,model_chk3_sft_cp38,Model chk-3 SFT cp38,D-1 Core-8 text,0.160000,10,10,available,16,100,0.200000,9,9,available,18,90,K=10 empirical parser-recoverable correct-direction share conditional on true hold
llm_checkpoint,model_chk3_grpo_cp450,Model chk-3 GRPO cp450,D-1 Core-8 text,0.170000,10,10,available,17,100,0.177778,9,9,available,16,90,K=10 empirical parser-recoverable correct-direction share conditional on true hold
