indicator,section_name,legacy_n_pairs,mean_similarity_full,mean_similarity_masked,mean_distance_full,mean_distance_masked,mean_delta,legacy_std_delta,legacy_stderr_delta_unclustered,legacy_t_stat_unclustered,legacy_p_value_unclustered,legacy_ci_lower_unclustered,legacy_ci_upper_unclustered,inference_status
Bank-Capital,Participants' Views on Current Conditions and the Economic Outlook,1317,1.0,0.783551424,0.0,0.216448576,0.216448576,0.1048452634,0.0028890558,74.9201788524,0,0.2107809181,0.2221162339,descriptive_only_missing_row_level_meeting_clusters_and_seed_metadata
Bank-Capital,Staff Review of the Economic Situation,1102,1.0,0.7945606056,0.0,0.2054393944,0.2054393944,0.0847005836,0.0025515002,80.517099334,0,0.2004330423,0.2104457464,descriptive_only_missing_row_level_meeting_clusters_and_seed_metadata
Bank-Capital,Staff Review of the Financial Situation,1315,1.0,0.7832140424,0.0,0.2167859576,0.2167859576,0.1266499272,0.0034925455,62.0710481514,0,0.2099343832,0.2236375321,descriptive_only_missing_row_level_meeting_clusters_and_seed_metadata
Bank-Credit-to-Private-Sector,Participants' Views on Current Conditions and the Economic Outlook,1288,1.0,0.793325228,0.0,0.206674772,0.206674772,0.07932202370000001,0.0022102218,93.508612561,0,0.2023387392,0.2110108049,descriptive_only_missing_row_level_meeting_clusters_and_seed_metadata
Bank-Credit-to-Private-Sector,Staff Review of the Economic Situation,1099,1.0,0.7881217324,0.0,0.2118782676,0.2118782676,0.1057405068,0.0031896464,66.4268826541,0,0.2056197767,0.2181367585,descriptive_only_missing_row_level_meeting_clusters_and_seed_metadata
Bank-Credit-to-Private-Sector,Staff Review of the Financial Situation,897,1.0,0.7817025723,0.0,0.2182974277,0.2182974277,0.0899563139,0.0030035539,72.6797104295,0,0.2124026074,0.224192248,descriptive_only_missing_row_level_meeting_clusters_and_seed_metadata
Business-Investment,Participants' Views on Current Conditions and the Economic Outlook,1238,1.0,0.787875424,0.0,0.212124576,0.212124576,0.1003159514,0.0028510818,74.4014352144,0,0.2065310854,0.2177180665,descriptive_only_missing_row_level_meeting_clusters_and_seed_metadata
Business-Investment,Staff Review of the Economic Situation,1002,1.0,0.7837677988,0.0,0.2162322012,0.2162322012,0.109380003,0.0034554457,62.5772248276,0,0.2094514533,0.2230129491,descriptive_only_missing_row_level_meeting_clusters_and_seed_metadata
Business-Investment,Staff Review of the Financial Situation,1336,1.0,0.7905522163,0.0,0.2094477837,0.2094477837,0.0928063321,0.0025390683,82.4900163123,0,0.2044667854,0.214428782,descriptive_only_missing_row_level_meeting_clusters_and_seed_metadata
Commodity-Prices,Participants' Views on Current Conditions and the Economic Outlook,1307,1.0,0.7906891326000001,0.0,0.2093108674,0.2093108674,0.0900869509,0.0024918626,83.9977558597,0,0.204422376,0.2141993588,descriptive_only_missing_row_level_meeting_clusters_and_seed_metadata
Commodity-Prices,Staff Review of the Economic Situation,1098,1.0,0.7879371743,0.0,0.2120628257,0.2120628257,0.09693582340000001,0.0029253857,72.4905526092,0,0.206322842,0.2178028093,descriptive_only_missing_row_level_meeting_clusters_and_seed_metadata
Commodity-Prices,Staff Review of the Financial Situation,1337,1.0,0.7806280028,0.0,0.2193719972,0.2193719972,0.1110688222,0.0030375712,72.2195413607,0,0.2134130686,0.2253309257,descriptive_only_missing_row_level_meeting_clusters_and_seed_metadata
Consumer-Confidence-Index,Participants' Views on Current Conditions and the Economic Outlook,1329,1.0,0.8433061716,0.0,0.1566938284,0.1566938284,0.1066979551,0.0029268038,53.5375244275,0,0.1509521654,0.1624354913,descriptive_only_missing_row_level_meeting_clusters_and_seed_metadata
Consumer-Confidence-Index,Staff Review of the Economic Situation,1102,1.0,0.8354038279,0.0,0.1645961721,0.1645961721,0.1037841367,0.0031263686,52.6477179052,0,0.1584618587,0.1707304854,descriptive_only_missing_row_level_meeting_clusters_and_seed_metadata
Consumer-Confidence-Index,Staff Review of the Financial Situation,1337,1.0,0.8330934539,0.0,0.1669065461,0.1669065461,0.1380296034,0.0037749094,44.214715375,0,0.1595011506,0.1743119415,descriptive_only_missing_row_level_meeting_clusters_and_seed_metadata
Consumer-Price-Index-(CPI),Participants' Views on Current Conditions and the Economic Outlook,1235,1.0,0.7919367912999999,0.0,0.2080632087,0.2080632087,0.0920621576,0.0026196765,79.423244005,0,0.202923696,0.2132027213,descriptive_only_missing_row_level_meeting_clusters_and_seed_metadata
Consumer-Price-Index-(CPI),Staff Review of the Economic Situation,1065,1.0,0.7847143766,0.0,0.2152856234,0.2152856234,0.1034971172,0.0031714177,67.883086395,0,0.2090626801,0.2215085668,descriptive_only_missing_row_level_meeting_clusters_and_seed_metadata
Consumer-Price-Index-(CPI),Staff Review of the Financial Situation,1329,1.0,0.7847835381,0.0,0.2152164619,0.2152164619,0.1110337489,0.0030457378,70.6615198426,0,0.2092414799,0.2211914439,descriptive_only_missing_row_level_meeting_clusters_and_seed_metadata
Equity-Market-Indices,Participants' Views on Current Conditions and the Economic Outlook,1322,1.0,0.7897999243,0.0,0.2102000757,0.2102000757,0.0895971145,0.0024642133,85.3010883314,0,0.2053658771,0.2150342742,descriptive_only_missing_row_level_meeting_clusters_and_seed_metadata
Equity-Market-Indices,Staff Review of the Economic Situation,1085,1.0,0.7912227775,0.0,0.2087772225,0.2087772225,0.09290854030000001,0.0028205952,74.0188524604,0,0.203242778,0.2143116671,descriptive_only_missing_row_level_meeting_clusters_and_seed_metadata
Equity-Market-Indices,Staff Review of the Financial Situation,1258,1.0,0.7862716239,0.0,0.2137283761,0.2137283761,0.1145797339,0.0032304832,66.1598782299,0,0.2073906429,0.2200661094,descriptive_only_missing_row_level_meeting_clusters_and_seed_metadata
Exchange-Rate,Participants' Views on Current Conditions and the Economic Outlook,1325,1.0,0.7920660368,0.0,0.2079339632,0.2079339632,0.0929011222,0.0025521901,81.4727565617,0,0.2029271856,0.2129407409,descriptive_only_missing_row_level_meeting_clusters_and_seed_metadata
Exchange-Rate,Staff Review of the Economic Situation,1102,1.0,0.7881269522000001,0.0,0.2118730478,0.2118730478,0.0972046879,0.0029281709,72.3567915117,0,0.2061276224,0.2176184732,descriptive_only_missing_row_level_meeting_clusters_and_seed_metadata
Exchange-Rate,Staff Review of the Financial Situation,1268,1.0,0.7827107318,0.0,0.2172892682,0.2172892682,0.1136013621,0.0031902441,68.1105465783,0,0.2110305258,0.2235480106,descriptive_only_missing_row_level_meeting_clusters_and_seed_metadata
Federal-Funds-Rate,Participants' Views on Current Conditions and the Economic Outlook,1069,1.0,0.7936848426,0.0,0.2063151574,0.2063151574,0.094135043,0.0028791379,71.6586567217,0,0.2006657483,0.2119645664,descriptive_only_missing_row_level_meeting_clusters_and_seed_metadata
Federal-Funds-Rate,Staff Review of the Economic Situation,1081,1.0,0.7855503212,0.0,0.2144496788,0.2144496788,0.1103627226,0.003356677,63.8874922549,0,0.2078633315,0.2210360262,descriptive_only_missing_row_level_meeting_clusters_and_seed_metadata
Federal-Funds-Rate,Staff Review of the Financial Situation,1220,1.0,0.7823777976,0.0,0.2176222024,0.2176222024,0.1133763956,0.0032459568,67.0440853555,0,0.211253921,0.2239904838,descriptive_only_missing_row_level_meeting_clusters_and_seed_metadata
Federal-Reserve-Balance-Sheet,Participants' Views on Current Conditions and the Economic Outlook,1300,1.0,0.7903667618,0.0,0.2096332382,0.2096332382,0.0859523874,0.0023838903,87.9374514287,0,0.2049565416,0.2143099349,descriptive_only_missing_row_level_meeting_clusters_and_seed_metadata
Federal-Reserve-Balance-Sheet,Staff Review of the Economic Situation,1101,1.0,0.7879631094,0.0,0.2120368906,0.2120368906,0.0990130693,0.0029840003,71.0579317894,0,0.2061819151,0.217891866,descriptive_only_missing_row_level_meeting_clusters_and_seed_metadata
Federal-Reserve-Balance-Sheet,Staff Review of the Financial Situation,1309,1.0,0.7801686547,0.0,0.2198313453,0.2198313453,0.1214289573,0.0033562356,65.4993779093,0,0.2132471517,0.2264155389,descriptive_only_missing_row_level_meeting_clusters_and_seed_metadata
GDP-Growth,Participants' Views on Current Conditions and the Economic Outlook,1163,1.0,0.7906905967,0.0,0.2093094033,0.2093094033,0.0825188537,0.0024197101,86.5018529745,0,0.2045619138,0.2140568929,descriptive_only_missing_row_level_meeting_clusters_and_seed_metadata
GDP-Growth,Staff Review of the Economic Situation,973,1.0,0.7900371294,0.0,0.2099628706,0.2099628706,0.09448947910000001,0.0030291936,69.313122995,0,0.2040183581,0.2159073832,descriptive_only_missing_row_level_meeting_clusters_and_seed_metadata
GDP-Growth,Staff Review of the Financial Situation,1249,1.0,0.7868596031,0.0,0.2131403969,0.2131403969,0.1070708914,0.0030296342,70.3518579099,0,0.2071966585,0.2190841353,descriptive_only_missing_row_level_meeting_clusters_and_seed_metadata
Government-Purchases,Participants' Views on Current Conditions and the Economic Outlook,1273,1.0,0.7897402823,0.0,0.2102597177,0.2102597177,0.0942322637,0.0026411035,79.6105555564,0,0.2050783197,0.2154411158,descriptive_only_missing_row_level_meeting_clusters_and_seed_metadata
Government-Purchases,Staff Review of the Economic Situation,1013,1.0,0.7918536978,0.0,0.2081463022,0.2081463022,0.09469795190000001,0.0029753349,69.9572672355,0,0.20230777,0.2139848343,descriptive_only_missing_row_level_meeting_clusters_and_seed_metadata
Government-Purchases,Staff Review of the Financial Situation,1329,1.0,0.7904147822,0.0,0.2095852178,0.2095852178,0.1087017012,0.002981768,70.2889082759,0,0.2037357286,0.2154347069,descriptive_only_missing_row_level_meeting_clusters_and_seed_metadata
Home-Prices,Participants' Views on Current Conditions and the Economic Outlook,1315,1.0,0.7936844042,0.0,0.2063155958,0.2063155958,0.0993977288,0.0027410287,75.2694033843,0,0.2009383251,0.2116928664,descriptive_only_missing_row_level_meeting_clusters_and_seed_metadata
Home-Prices,Staff Review of the Economic Situation,1100,1.0,0.7856563588000001,0.0,0.2143436412,0.2143436412,0.0818082103,0.0024666103,86.8980547426,0,0.2095038436,0.2191834388,descriptive_only_missing_row_level_meeting_clusters_and_seed_metadata
Home-Prices,Staff Review of the Financial Situation,1323,1.0,0.7822288722,0.0,0.2177711278,0.2177711278,0.1094600856,0.0030093719,72.3643122177,0,0.2118674622,0.2236747934,descriptive_only_missing_row_level_meeting_clusters_and_seed_metadata
Housing-Starts,Participants' Views on Current Conditions and the Economic Outlook,1307,1.0,0.7957057405,0.0,0.2042942595,0.2042942595,0.0884730172,0.0024472202,83.4801304717,0,0.1994933468,0.2090951722,descriptive_only_missing_row_level_meeting_clusters_and_seed_metadata
Housing-Starts,Staff Review of the Economic Situation,1019,1.0,0.7945545119999999,0.0,0.205445488,0.205445488,0.0966026296,0.0030262295,67.8882714688,0,0.1995071268,0.2113838491,descriptive_only_missing_row_level_meeting_clusters_and_seed_metadata
Housing-Starts,Staff Review of the Financial Situation,1337,1.0,0.7867134254,0.0,0.2132865746,0.2132865746,0.1214612476,0.0033217889,64.2083464232,0,0.2067700844,0.2198030649,descriptive_only_missing_row_level_meeting_clusters_and_seed_metadata
Industrial-Production,Participants' Views on Current Conditions and the Economic Outlook,1303,1.0,0.788985498,0.0,0.211014502,0.211014502,0.0951907834,0.0026370763,80.0183533523,0,0.2058411183,0.2161878858,descriptive_only_missing_row_level_meeting_clusters_and_seed_metadata
Industrial-Production,Staff Review of the Economic Situation,986,1.0,0.7868411437,0.0,0.2131588563,0.2131588563,0.0960849311,0.0030599676,69.6604949122,0,0.2071540515,0.2191636611,descriptive_only_missing_row_level_meeting_clusters_and_seed_metadata
Industrial-Production,Staff Review of the Financial Situation,1337,1.0,0.7787851205,0.0,0.2212148795,0.2212148795,0.1226416532,0.0033540713,65.9541371712,0,0.2146350596,0.2277946995,descriptive_only_missing_row_level_meeting_clusters_and_seed_metadata
International-Equity-Markets,Participants' Views on Current Conditions and the Economic Outlook,1331,1.0,0.7919617266,0.0,0.2080382734,0.2080382734,0.0909902653,0.0024940543,83.4136906278,0,0.2031455642,0.2129309825,descriptive_only_missing_row_level_meeting_clusters_and_seed_metadata
International-Equity-Markets,Staff Review of the Economic Situation,1101,1.0,0.7908927468,0.0,0.2091072532,0.2091072532,0.106080057,0.0031969812,65.4077202723,0,0.2028343831,0.2153801234,descriptive_only_missing_row_level_meeting_clusters_and_seed_metadata
International-Equity-Markets,Staff Review of the Financial Situation,1251,1.0,0.7863955268,0.0,0.2136044732,0.2136044732,0.1257656918,0.0035557689,60.0726532481,0,0.2066285396,0.2205804069,descriptive_only_missing_row_level_meeting_clusters_and_seed_metadata
Labour-Market,Participants' Views on Current Conditions and the Economic Outlook,1274,1.0,0.7676729688,0.0,0.2323270312,0.2323270312,0.162852274,0.0045625655,50.9202620182,0,0.2233760567,0.2412780057,descriptive_only_missing_row_level_meeting_clusters_and_seed_metadata
Labour-Market,Staff Review of the Economic Situation,994,1.0,0.7663990586,0.0,0.2336009414,0.2336009414,0.1812581531,0.0057491595,40.6321899715,0,0.2223190446,0.2448828382,descriptive_only_missing_row_level_meeting_clusters_and_seed_metadata
Labour-Market,Staff Review of the Financial Situation,1337,1.0,0.7619843627,0.0,0.2380156373,0.2380156373,0.1691623399,0.0046263446,51.4478831783,0,0.2289399464,0.2470913283,descriptive_only_missing_row_level_meeting_clusters_and_seed_metadata
Market-Volatility-(VIX),Participants' Views on Current Conditions and the Economic Outlook,1324,1.0,0.7933173539,0.0,0.2066826461,0.2066826461,0.09318211800000001,0.0025608762,80.7077849493,0,0.201658825,0.2117064673,descriptive_only_missing_row_level_meeting_clusters_and_seed_metadata
Market-Volatility-(VIX),Staff Review of the Economic Situation,1090,1.0,0.7917765205,0.0,0.2082234795,0.2082234795,0.0854214583,0.0025873414,80.4777761504,0,0.2031467412,0.2133002178,descriptive_only_missing_row_level_meeting_clusters_and_seed_metadata
Market-Volatility-(VIX),Staff Review of the Financial Situation,1292,1.0,0.7763710024,0.0,0.2236289976,0.2236289976,0.1316379094,0.0036622646,61.0630365978,0,0.2164443551,0.2308136401,descriptive_only_missing_row_level_meeting_clusters_and_seed_metadata
Money-Supply,Participants' Views on Current Conditions and the Economic Outlook,1331,1.0,0.8010207184,0.0,0.1989792816,0.1989792816,0.1084515578,0.0029726705,66.93620588900001,0,0.1931476476,0.2048109157,descriptive_only_missing_row_level_meeting_clusters_and_seed_metadata
Money-Supply,Staff Review of the Economic Situation,1102,1.0,0.7933683135,0.0,0.2066316865,0.2066316865,0.0987828849,0.0029757121,69.4394084167,0,0.2007929795,0.2124703936,descriptive_only_missing_row_level_meeting_clusters_and_seed_metadata
Money-Supply,Staff Review of the Financial Situation,1300,1.0,0.7955069481,0.0,0.2044930519,0.2044930519,0.114055749,0.0031633373,64.6447189693,0,0.1982872424,0.2106988613,descriptive_only_missing_row_level_meeting_clusters_and_seed_metadata
Mortgage-Rates,Participants' Views on Current Conditions and the Economic Outlook,1328,1.0,0.796099263,0.0,0.203900737,0.203900737,0.1004452468,0.0027563245,73.9755908973,0,0.1984935082,0.2093079657,descriptive_only_missing_row_level_meeting_clusters_and_seed_metadata
Mortgage-Rates,Staff Review of the Economic Situation,1102,1.0,0.7925614197999999,0.0,0.2074385802,0.2074385802,0.0904588404,0.0027249605,76.1253517634,0,0.2020918779,0.2127852824,descriptive_only_missing_row_level_meeting_clusters_and_seed_metadata
Mortgage-Rates,Staff Review of the Financial Situation,1292,1.0,0.7920439179000001,0.0,0.2079560821,0.2079560821,0.1091512014,0.0030366677,68.4816732464,0,0.2019987377,0.2139134265,descriptive_only_missing_row_level_meeting_clusters_and_seed_metadata
Overnight-Rate,Participants' Views on Current Conditions and the Economic Outlook,1329,1.0,0.7943331003,0.0,0.2056668997,0.2056668997,0.0887586912,0.0024347165,84.4726273228,0,0.2008905899,0.2104432095,descriptive_only_missing_row_level_meeting_clusters_and_seed_metadata
Overnight-Rate,Staff Review of the Economic Situation,1102,1.0,0.791753697,0.0,0.208246303,0.208246303,0.09907687650000001,0.0029845682,69.7743486488,0,0.2023902191,0.2141023869,descriptive_only_missing_row_level_meeting_clusters_and_seed_metadata
Overnight-Rate,Staff Review of the Financial Situation,1296,1.0,0.7905943887,0.0,0.2094056113,0.2094056113,0.117018694,0.0032505193,64.4222025696,0,0.2030287506,0.2157824721,descriptive_only_missing_row_level_meeting_clusters_and_seed_metadata
Personal-Consumption-Expenditures-(PCE),Participants' Views on Current Conditions and the Economic Outlook,1138,1.0,0.7902939085,0.0,0.2097060915,0.2097060915,0.103507918,0.0030683327,68.3452920611,0,0.2036858614,0.2157263216,descriptive_only_missing_row_level_meeting_clusters_and_seed_metadata
Personal-Consumption-Expenditures-(PCE),Staff Review of the Economic Situation,933,1.0,0.7916259899,0.0,0.2083740101,0.2083740101,0.0906916697,0.002969112,70.1805833601,0,0.2025470904,0.2142009297,descriptive_only_missing_row_level_meeting_clusters_and_seed_metadata
Personal-Consumption-Expenditures-(PCE),Staff Review of the Financial Situation,1336,1.0,0.7846477155,0.0,0.2153522845,0.2153522845,0.1034072459,0.0028290964,76.1205190064,0,0.2098023257,0.2209022432,descriptive_only_missing_row_level_meeting_clusters_and_seed_metadata
Trade-Balance,Participants' Views on Current Conditions and the Economic Outlook,1324,1.0,0.7929551033,0.0,0.2070448967,0.2070448967,0.0947190577,0.0026031151,79.5373567301,0,0.2019382129,0.2121515804,descriptive_only_missing_row_level_meeting_clusters_and_seed_metadata
Trade-Balance,Staff Review of the Economic Situation,1000,1.0,0.7934893784,0.0,0.2065106216,0.2065106216,0.096238111,0.0030433163,67.8571013293,0,0.2005385958,0.2124826473,descriptive_only_missing_row_level_meeting_clusters_and_seed_metadata
Trade-Balance,Staff Review of the Financial Situation,1337,1.0,0.7863737365,0.0,0.2136262635,0.2136262635,0.1168264056,0.0031950327,66.8619953539,0,0.2073584361,0.2198940909,descriptive_only_missing_row_level_meeting_clusters_and_seed_metadata
Treasury-Yields,Participants' Views on Current Conditions and the Economic Outlook,1307,1.0,0.7941876187,0.0,0.2058123813,0.2058123813,0.09253331020000001,0.0025595305,80.4102093407,0,0.2007911403,0.2108336223,descriptive_only_missing_row_level_meeting_clusters_and_seed_metadata
Treasury-Yields,Staff Review of the Economic Situation,1065,1.0,0.7864100752000001,0.0,0.2135899248,0.2135899248,0.1046392433,0.0032064154,66.6133042101,0,0.2072983092,0.2198815405,descriptive_only_missing_row_level_meeting_clusters_and_seed_metadata
Treasury-Yields,Staff Review of the Financial Situation,1246,1.0,0.7855157155,0.0,0.2144842845,0.2144842845,0.1294351264,0.0036668499,58.4927911479,0,0.2072903972,0.2216781719,descriptive_only_missing_row_level_meeting_clusters_and_seed_metadata
Unemployment-Rate,Participants' Views on Current Conditions and the Economic Outlook,1207,1.0,0.7955091355,0.0,0.2044908645,0.2044908645,0.0872659179,0.0025118345,81.4109617016,0,0.1995628135,0.2094189155,descriptive_only_missing_row_level_meeting_clusters_and_seed_metadata
Unemployment-Rate,Staff Review of the Economic Situation,1086,1.0,0.7902360143,0.0,0.2097639857,0.2097639857,0.09288314410000001,0.0028185257,74.4233013934,0,0.2042336076,0.2152943638,descriptive_only_missing_row_level_meeting_clusters_and_seed_metadata
Unemployment-Rate,Staff Review of the Financial Situation,1330,1.0,0.787545799,0.0,0.212454201,0.212454201,0.1147616814,0.0031468141,67.5140624479,0,0.2062809367,0.2186274654,descriptive_only_missing_row_level_meeting_clusters_and_seed_metadata
