meeting_id,meeting_date,panel,baseline,train_end_date,test_date,y_true,pred_class,p_cut,p_hold,p_hike
fomc_20001115,2000-11-15,PanelC,C1_TFIDFLogit,2000-10-03,2000-11-15,hold,hike,0.21076951372225075,0.26603344133707074,0.5231970449406786
fomc_20001219,2000-12-19,PanelC,C1_TFIDFLogit,2000-11-15,2000-12-19,hold,hike,0.20356749309403288,0.30470479278346835,0.4917277141224988
fomc_20010131,2001-01-31,PanelC,C1_TFIDFLogit,2000-12-19,2001-01-31,cut,hike,0.19861944636115553,0.2773794155857793,0.5240011380530651
fomc_20010320,2001-03-20,PanelC,C1_TFIDFLogit,2001-01-31,2001-03-20,cut,hike,0.21687061221466816,0.3096172718422794,0.47351211594305237
fomc_20010515,2001-05-15,PanelC,C1_TFIDFLogit,2001-03-20,2001-05-15,cut,hike,0.25207722234978985,0.29946046316529285,0.44846231448491747
fomc_20010627,2001-06-27,PanelC,C1_TFIDFLogit,2001-05-15,2001-06-27,cut,hike,0.2870961910527679,0.28486256433691853,0.4280412446103135
fomc_20010821,2001-08-21,PanelC,C1_TFIDFLogit,2001-06-27,2001-08-21,cut,hike,0.31689212487292,0.2716586461042755,0.41144922902280445
fomc_20011002,2001-10-02,PanelC,C1_TFIDFLogit,2001-08-21,2001-10-02,cut,hike,0.3424877691636252,0.2675292612082758,0.38998296962809903
fomc_20011106,2001-11-06,PanelC,C1_TFIDFLogit,2001-10-02,2001-11-06,cut,cut,0.3812891383565214,0.25268256766980596,0.3660282939736726
fomc_20011211,2001-12-11,PanelC,C1_TFIDFLogit,2001-11-06,2001-12-11,cut,cut,0.39761068502508157,0.24276477905491967,0.3596245359199987
fomc_20020130,2002-01-30,PanelC,C1_TFIDFLogit,2001-12-11,2002-01-30,hold,cut,0.4060341882954524,0.20162504711093424,0.39234076459361344
fomc_20020319,2002-03-19,PanelC,C1_TFIDFLogit,2002-01-30,2002-03-19,hold,cut,0.38979634194126517,0.25213405063842387,0.35806960742031113
fomc_20020507,2002-05-07,PanelC,C1_TFIDFLogit,2002-03-19,2002-05-07,hold,cut,0.3730227936129243,0.2849312183214951,0.3420459880655807
fomc_20020626,2002-06-26,PanelC,C1_TFIDFLogit,2002-05-07,2002-06-26,hold,cut,0.35681032768422166,0.30966038580416155,0.33352928651161684
fomc_20020813,2002-08-13,PanelC,C1_TFIDFLogit,2002-06-26,2002-08-13,hold,cut,0.35630638437747275,0.330694308465332,0.3129993071571951
fomc_20020924,2002-09-24,PanelC,C1_TFIDFLogit,2002-08-13,2002-09-24,hold,hold,0.34166253309570843,0.3579430594628341,0.30039440744145757
fomc_20021106,2002-11-06,PanelC,C1_TFIDFLogit,2002-09-24,2002-11-06,cut,hold,0.3379665947783278,0.36633664677973626,0.295696758441936
fomc_20021210,2002-12-10,PanelC,C1_TFIDFLogit,2002-11-06,2002-12-10,hold,cut,0.3612165314227639,0.3587964317756604,0.2799870368015757
fomc_20030129,2003-01-29,PanelC,C1_TFIDFLogit,2002-12-10,2003-01-29,hold,cut,0.34863974965821776,0.33026388096631504,0.3210963693754673
fomc_20030318,2003-03-18,PanelC,C1_TFIDFLogit,2003-01-29,2003-03-18,hold,hold,0.3305277139602645,0.38541558458897945,0.284056701450756
fomc_20030506,2003-05-06,PanelC,C1_TFIDFLogit,2003-03-18,2003-05-06,hold,hold,0.3191094352248848,0.408744420142971,0.2721461446321443
fomc_20030625,2003-06-25,PanelC,C1_TFIDFLogit,2003-05-06,2003-06-25,cut,hold,0.30631611626439537,0.42619490016656014,0.26748898356904455
fomc_20030812,2003-08-12,PanelC,C1_TFIDFLogit,2003-06-25,2003-08-12,hold,hold,0.3320345558095137,0.40821035308215636,0.2597550911083299
fomc_20030916,2003-09-16,PanelC,C1_TFIDFLogit,2003-08-12,2003-09-16,hold,hold,0.31987337895324264,0.43729222216788993,0.24283439887886749
fomc_20031028,2003-10-28,PanelC,C1_TFIDFLogit,2003-09-16,2003-10-28,hold,hold,0.3176484343545976,0.4434704442497825,0.23888112139561987
fomc_20031209,2003-12-09,PanelC,C1_TFIDFLogit,2003-10-28,2003-12-09,hold,hold,0.30222706217445955,0.4632872628021263,0.2344856750234141
fomc_20040128,2004-01-28,PanelC,C1_TFIDFLogit,2003-12-09,2004-01-28,hold,hold,0.3074892043170038,0.4178832394244626,0.27462755625853363
fomc_20040316,2004-03-16,PanelC,C1_TFIDFLogit,2004-01-28,2004-03-16,hold,hold,0.279085907904266,0.47336681470472425,0.2475472773910097
fomc_20040504,2004-05-04,PanelC,C1_TFIDFLogit,2004-03-16,2004-05-04,hold,hold,0.2727047971697749,0.49341792605246665,0.23387727677775844
fomc_20040630,2004-06-30,PanelC,C1_TFIDFLogit,2004-05-04,2004-06-30,hike,hold,0.2720226782821858,0.4933274718729817,0.23464984984483256
fomc_20040810,2004-08-10,PanelC,C1_TFIDFLogit,2004-06-30,2004-08-10,hike,hold,0.250736773137168,0.509760985180337,0.23950224168249507
fomc_20040921,2004-09-21,PanelC,C1_TFIDFLogit,2004-08-10,2004-09-21,hike,hold,0.2563010769278853,0.4880604458759853,0.2556384771961293
fomc_20041110,2004-11-10,PanelC,C1_TFIDFLogit,2004-09-21,2004-11-10,hike,hold,0.25919429493670726,0.4639231845455256,0.27688252051776713
fomc_20041214,2004-12-14,PanelC,C1_TFIDFLogit,2004-11-10,2004-12-14,hike,hold,0.24759738901321474,0.45544289887878675,0.29695971210799854
fomc_20050202,2005-02-02,PanelC,C1_TFIDFLogit,2004-12-14,2005-02-02,hike,hold,0.2573984623067213,0.4077037747029549,0.33489776299032387
fomc_20050322,2005-03-22,PanelC,C1_TFIDFLogit,2005-02-02,2005-03-22,hike,hold,0.2280397693513645,0.4184891946004445,0.3534710360481909
fomc_20050503,2005-05-03,PanelC,C1_TFIDFLogit,2005-03-22,2005-05-03,hike,hold,0.22626669815821143,0.4111267029574787,0.36260659888430985
fomc_20050630,2005-06-30,PanelC,C1_TFIDFLogit,2005-05-03,2005-06-30,hike,hike,0.227632276747854,0.37819290710937103,0.39417481614277494
fomc_20050809,2005-08-09,PanelC,C1_TFIDFLogit,2005-06-30,2005-08-09,hike,hike,0.2103121361786374,0.3707679430292005,0.418919920792162
fomc_20050920,2005-09-20,PanelC,C1_TFIDFLogit,2005-08-09,2005-09-20,hike,hike,0.22089133482145545,0.37213160928491307,0.4069770558936315
fomc_20051101,2005-11-01,PanelC,C1_TFIDFLogit,2005-09-20,2005-11-01,hike,hike,0.21908082510134128,0.36138092383601156,0.41953825106264725
fomc_20051213,2005-12-13,PanelC,C1_TFIDFLogit,2005-11-01,2005-12-13,hike,hike,0.20705350519950175,0.35683657832081944,0.43610991647967884
fomc_20060131,2006-01-31,PanelC,C1_TFIDFLogit,2005-12-13,2006-01-31,hike,hike,0.2234209603005298,0.3333131377558047,0.44326590194366555
fomc_20060328,2006-03-28,PanelC,C1_TFIDFLogit,2006-01-31,2006-03-28,hike,hike,0.1802219574906349,0.3088175935811776,0.5109604489281876
fomc_20060510,2006-05-10,PanelC,C1_TFIDFLogit,2006-03-28,2006-05-10,hike,hike,0.18415510018233694,0.3267726477996969,0.4890722520179663
fomc_20060629,2006-06-29,PanelC,C1_TFIDFLogit,2006-05-10,2006-06-29,hike,hike,0.18651782654498553,0.30716839431142434,0.5063137791435902
fomc_20060808,2006-08-08,PanelC,C1_TFIDFLogit,2006-06-29,2006-08-08,hold,hike,0.1745209780342999,0.30062842822685254,0.5248505937388476
fomc_20060920,2006-09-20,PanelC,C1_TFIDFLogit,2006-08-08,2006-09-20,hold,hike,0.18333463317701615,0.3382852879298928,0.47838007889309103
fomc_20061025,2006-10-25,PanelC,C1_TFIDFLogit,2006-09-20,2006-10-25,hold,hike,0.19155360782043485,0.3602589452990176,0.44818744688054757
fomc_20061212,2006-12-12,PanelC,C1_TFIDFLogit,2006-10-25,2006-12-12,hold,hike,0.18591464127311827,0.38343367803903544,0.4306516806878463
fomc_20070131,2007-01-31,PanelC,C1_TFIDFLogit,2006-12-12,2007-01-31,hold,hike,0.1953973732507193,0.34214399971521026,0.46245862703407054
fomc_20070321,2007-03-21,PanelC,C1_TFIDFLogit,2007-01-31,2007-03-21,hold,hike,0.17234667668086995,0.3918528633733596,0.4358004599457703
fomc_20070509,2007-05-09,PanelC,C1_TFIDFLogit,2007-03-21,2007-05-09,hold,hold,0.17234434115118724,0.4147810095475557,0.412874649301257
fomc_20070618,2007-06-18,PanelC,C1_TFIDFLogit,2007-05-09,2007-06-18,hold,hike,0.16891197670946045,0.4116566094951219,0.41943141379541776
fomc_20070807,2007-08-07,PanelC,C1_TFIDFLogit,2007-06-18,2007-08-07,hold,hold,0.1654554157147739,0.4510830551104601,0.38346152917476595
fomc_20070918,2007-09-18,PanelC,C1_TFIDFLogit,2007-08-07,2007-09-18,cut,hold,0.17564609208237283,0.45051877572950877,0.3738351321881184
fomc_20071031,2007-10-31,PanelC,C1_TFIDFLogit,2007-09-18,2007-10-31,cut,hold,0.19426361004496678,0.441687987560168,0.36404840239486524
fomc_20071211,2007-12-11,PanelC,C1_TFIDFLogit,2007-10-31,2007-12-11,cut,hold,0.21283565980786795,0.4253315447672427,0.3618327954248894
fomc_20080130,2008-01-30,PanelC,C1_TFIDFLogit,2007-12-11,2008-01-30,cut,hold,0.22590584322875518,0.3904389991758313,0.3836551575954135
fomc_20080318,2008-03-18,PanelC,C1_TFIDFLogit,2008-01-30,2008-03-18,cut,hike,0.23603941730386357,0.3812671181334085,0.38269346456272796
fomc_20080430,2008-04-30,PanelC,C1_TFIDFLogit,2008-03-18,2008-04-30,cut,hold,0.24879797636331955,0.38421134366028864,0.3669906799763918
fomc_20080805,2008-08-05,PanelC,C1_TFIDFLogit,2008-04-30,2008-08-05,hold,hold,0.2632494340723373,0.3851865653410151,0.3515640005866476
fomc_20080916,2008-09-16,PanelC,C1_TFIDFLogit,2008-08-05,2008-09-16,hold,hold,0.27378592126496176,0.41807726087074154,0.30813681786429675
fomc_20081029,2008-10-29,PanelC,C1_TFIDFLogit,2008-09-16,2008-10-29,cut,hold,0.29274894944117535,0.40166751120553795,0.3055835393532867
fomc_20081216,2008-12-16,PanelC,C1_TFIDFLogit,2008-10-29,2008-12-16,cut,hold,0.30079080309547207,0.3975032347510205,0.3017059621535074
fomc_20090128,2009-01-28,PanelC,C1_TFIDFLogit,2008-12-16,2009-01-28,hold,hold,0.3184732135101239,0.36100322269510665,0.3205235637947695
fomc_20090318,2009-03-18,PanelC,C1_TFIDFLogit,2009-01-28,2009-03-18,hold,hold,0.3040868966258932,0.3838794607030906,0.3120336426710162
fomc_20090429,2009-04-29,PanelC,C1_TFIDFLogit,2009-03-18,2009-04-29,hold,hold,0.2872922331092037,0.423344153899679,0.2893636129911173
fomc_20090624,2009-06-24,PanelC,C1_TFIDFLogit,2009-04-29,2009-06-24,hold,hold,0.2734925762747761,0.4294989405934697,0.29700848313175426
fomc_20090812,2009-08-12,PanelC,C1_TFIDFLogit,2009-06-24,2009-08-12,hold,hold,0.2606241621088446,0.4578122492075656,0.28156358868358977
fomc_20090923,2009-09-23,PanelC,C1_TFIDFLogit,2009-08-12,2009-09-23,hold,hold,0.25541817373059583,0.4752382282057127,0.2693435980636914
fomc_20091104,2009-11-04,PanelC,C1_TFIDFLogit,2009-09-23,2009-11-04,hold,hold,0.2559062734975242,0.4796535662469515,0.26444016025552436
fomc_20091216,2009-12-16,PanelC,C1_TFIDFLogit,2009-11-04,2009-12-16,hold,hold,0.2502027273794668,0.49547058981099107,0.25432668280954224
fomc_20100127,2010-01-27,PanelC,C1_TFIDFLogit,2009-12-16,2010-01-27,hold,hold,0.24339946539024357,0.46734097043283773,0.2892595641769188
fomc_20100316,2010-03-16,PanelC,C1_TFIDFLogit,2010-01-27,2010-03-16,hold,hold,0.23785334395890573,0.49862229348132925,0.2635243625597649
fomc_20100428,2010-04-28,PanelC,C1_TFIDFLogit,2010-03-16,2010-04-28,hold,hold,0.22194407802521376,0.5217907259594682,0.2562651960153181
fomc_20100623,2010-06-23,PanelC,C1_TFIDFLogit,2010-04-28,2010-06-23,hold,hold,0.22899106458221902,0.5110620265729415,0.2599469088448394
fomc_20100810,2010-08-10,PanelC,C1_TFIDFLogit,2010-06-23,2010-08-10,hold,hold,0.2125405781073839,0.5450678793839648,0.24239154250865122
fomc_20100921,2010-09-21,PanelC,C1_TFIDFLogit,2010-08-10,2010-09-21,hold,hold,0.21042499510287435,0.5517913600211671,0.23778364487595843
fomc_20101103,2010-11-03,PanelC,C1_TFIDFLogit,2010-09-21,2010-11-03,hold,hold,0.21335396948777122,0.5506269213152764,0.23601910919695243
fomc_20101214,2010-12-14,PanelC,C1_TFIDFLogit,2010-11-03,2010-12-14,hold,hold,0.21437722032549483,0.5557931663521857,0.22982961332231938
fomc_20110126,2011-01-26,PanelC,C1_TFIDFLogit,2010-12-14,2011-01-26,hold,hold,0.20904738855044103,0.5349415595559566,0.2560110518936024
fomc_20110315,2011-03-15,PanelC,C1_TFIDFLogit,2011-01-26,2011-03-15,hold,hold,0.19400625572997235,0.5593503872387983,0.24664335703122933
fomc_20110427,2011-04-27,PanelC,C1_TFIDFLogit,2011-03-15,2011-04-27,hold,hold,0.1800985675121119,0.5850905716375898,0.2348108608502983
fomc_20110622,2011-06-22,PanelC,C1_TFIDFLogit,2011-04-27,2011-06-22,hold,hold,0.18715290381146413,0.587522148792289,0.22532494739624676
fomc_20110809,2011-08-09,PanelC,C1_TFIDFLogit,2011-06-22,2011-08-09,hold,hold,0.18615274989237413,0.5981351851252286,0.21571206498239734
fomc_20110921,2011-09-21,PanelC,C1_TFIDFLogit,2011-08-09,2011-09-21,hold,hold,0.18495630247051095,0.6269947628376221,0.18804893469186681
fomc_20111102,2011-11-02,PanelC,C1_TFIDFLogit,2011-09-21,2011-11-02,hold,hold,0.1858743725205331,0.6130699098963199,0.20105571758314697
fomc_20111213,2011-12-13,PanelC,C1_TFIDFLogit,2011-11-02,2011-12-13,hold,hold,0.18296111840343904,0.6328921600314225,0.18414672156513856
fomc_20120125,2012-01-25,PanelC,C1_TFIDFLogit,2011-12-13,2012-01-25,hold,hold,0.18521640580053236,0.5988045542172158,0.2159790399822519
fomc_20120313,2012-03-13,PanelC,C1_TFIDFLogit,2012-01-25,2012-03-13,hold,hold,0.16699961265708554,0.6298833791807409,0.20311700816217362
fomc_20120425,2012-04-25,PanelC,C1_TFIDFLogit,2012-03-13,2012-04-25,hold,hold,0.15335508064225212,0.6564480498301527,0.1901968695275953
fomc_20120620,2012-06-20,PanelC,C1_TFIDFLogit,2012-04-25,2012-06-20,hold,hold,0.15676900250699008,0.6593405376362489,0.1838904598567611
fomc_20120801,2012-08-01,PanelC,C1_TFIDFLogit,2012-06-20,2012-08-01,hold,hold,0.15129721445420372,0.6748454768080645,0.1738573087377318
fomc_20120913,2012-09-13,PanelC,C1_TFIDFLogit,2012-08-01,2012-09-13,hold,hold,0.15208727707550365,0.6814707431342902,0.166441979790206
fomc_20121024,2012-10-24,PanelC,C1_TFIDFLogit,2012-09-13,2012-10-24,hold,hold,0.1559025960693537,0.6755716795243123,0.16852572440633393
fomc_20121212,2012-12-12,PanelC,C1_TFIDFLogit,2012-10-24,2012-12-12,hold,hold,0.1524468205221781,0.6851819377387491,0.16237124173907266
fomc_20130130,2013-01-30,PanelC,C1_TFIDFLogit,2012-12-12,2013-01-30,hold,hold,0.16222524997253518,0.6409982938691346,0.19677645615833017
fomc_20130320,2013-03-20,PanelC,C1_TFIDFLogit,2013-01-30,2013-03-20,hold,hold,0.13545880776616867,0.7034824309138744,0.1610587613199569
fomc_20130501,2013-05-01,PanelC,C1_TFIDFLogit,2013-03-20,2013-05-01,hold,hold,0.1335067092549323,0.7025290656964126,0.163964225048655
fomc_20130619,2013-06-19,PanelC,C1_TFIDFLogit,2013-05-01,2013-06-19,hold,hold,0.13150100069689066,0.7133609287619952,0.15513807054111411
fomc_20130731,2013-07-31,PanelC,C1_TFIDFLogit,2013-06-19,2013-07-31,hold,hold,0.12698142609280005,0.7243109048600566,0.14870766904714344
fomc_20130918,2013-09-18,PanelC,C1_TFIDFLogit,2013-07-31,2013-09-18,hold,hold,0.13547794478253117,0.7207941543886742,0.14372790082879455
fomc_20131030,2013-10-30,PanelC,C1_TFIDFLogit,2013-09-18,2013-10-30,hold,hold,0.13535556520008432,0.7215274863925588,0.14311694840735684
fomc_20131218,2013-12-18,PanelC,C1_TFIDFLogit,2013-10-30,2013-12-18,hold,hold,0.12622837532917672,0.7408623695128105,0.13290925515801286
fomc_20140129,2014-01-29,PanelC,C1_TFIDFLogit,2013-12-18,2014-01-29,hold,hold,0.14402120643241942,0.6854525114686564,0.17052628209892418
fomc_20140319,2014-03-19,PanelC,C1_TFIDFLogit,2014-01-29,2014-03-19,hold,hold,0.11539613104366625,0.743442786861172,0.14116108209516176
fomc_20140430,2014-04-30,PanelC,C1_TFIDFLogit,2014-03-19,2014-04-30,hold,hold,0.1157400852180943,0.7476371065293197,0.13662280825258585
fomc_20140618,2014-06-18,PanelC,C1_TFIDFLogit,2014-04-30,2014-06-18,hold,hold,0.11125115951063873,0.7567138932852361,0.13203494720412523
fomc_20140730,2014-07-30,PanelC,C1_TFIDFLogit,2014-06-18,2014-07-30,hold,hold,0.107309947356446,0.7664971478992376,0.12619290474431627
fomc_20140917,2014-09-17,PanelC,C1_TFIDFLogit,2014-07-30,2014-09-17,hold,hold,0.10449875061153062,0.7777389470205404,0.117762302367929
fomc_20141029,2014-10-29,PanelC,C1_TFIDFLogit,2014-09-17,2014-10-29,hold,hold,0.11636125255559884,0.7574258095273539,0.12621293791704732
fomc_20141217,2014-12-17,PanelC,C1_TFIDFLogit,2014-10-29,2014-12-17,hold,hold,0.10645926104345269,0.7706059638856196,0.12293477507092754
fomc_20150128,2015-01-28,PanelC,C1_TFIDFLogit,2014-12-17,2015-01-28,hold,hold,0.12428227391638913,0.7225103252203129,0.15320740086329798
fomc_20150318,2015-03-18,PanelC,C1_TFIDFLogit,2015-01-28,2015-03-18,hold,hold,0.10472479815753323,0.765597311797678,0.12967789004478872
fomc_20150429,2015-04-29,PanelC,C1_TFIDFLogit,2015-03-18,2015-04-29,hold,hold,0.10814958271815664,0.7536678029388933,0.13818261434295004
fomc_20150617,2015-06-17,PanelC,C1_TFIDFLogit,2015-04-29,2015-06-17,hold,hold,0.10619181651552104,0.763348717043778,0.13045946644070092
fomc_20150729,2015-07-29,PanelC,C1_TFIDFLogit,2015-06-17,2015-07-29,hold,hold,0.09832517856096765,0.7875320078684942,0.11414281357053817
fomc_20150917,2015-09-17,PanelC,C1_TFIDFLogit,2015-07-29,2015-09-17,hold,hold,0.1036162140183748,0.7822240741416072,0.1141597118400179
fomc_20151028,2015-10-28,PanelC,C1_TFIDFLogit,2015-09-17,2015-10-28,hold,hold,0.10509387077393259,0.7740070181694229,0.12089911105664447
fomc_20151216,2015-12-16,PanelC,C1_TFIDFLogit,2015-10-28,2015-12-16,hike,hold,0.11008030705477102,0.7626956531405684,0.12722403980466043
fomc_20160127,2016-01-27,PanelC,C1_TFIDFLogit,2015-12-16,2016-01-27,hold,hold,0.11939260879747912,0.7306807597155736,0.14992663148694743
fomc_20160316,2016-03-16,PanelC,C1_TFIDFLogit,2016-01-27,2016-03-16,hold,hold,0.10821636648436803,0.7458221657478874,0.14596146776774463
fomc_20160427,2016-04-27,PanelC,C1_TFIDFLogit,2016-03-16,2016-04-27,hold,hold,0.11161507628923818,0.7384513691626295,0.14993355454813223
fomc_20160615,2016-06-15,PanelC,C1_TFIDFLogit,2016-04-27,2016-06-15,hold,hold,0.1065671464301234,0.7433288017026942,0.15010405186718231
fomc_20160727,2016-07-27,PanelC,C1_TFIDFLogit,2016-06-15,2016-07-27,hold,hold,0.10615331268249031,0.7535200023038445,0.14032668501366505
fomc_20160921,2016-09-21,PanelC,C1_TFIDFLogit,2016-07-27,2016-09-21,hold,hold,0.10978601244030152,0.7494935998382344,0.14072038772146414
fomc_20161102,2016-11-02,PanelC,C1_TFIDFLogit,2016-09-21,2016-11-02,hold,hold,0.11039160867461188,0.7534871683458008,0.13612122297958734
fomc_20161214,2016-12-14,PanelC,C1_TFIDFLogit,2016-11-02,2016-12-14,hike,hold,0.10046671809078647,0.7713760696252283,0.1281572122839851
fomc_20170201,2017-02-01,PanelC,C1_TFIDFLogit,2016-12-14,2017-02-01,hold,hold,0.10346804489945502,0.7550545670703406,0.14147738803020443
fomc_20170315,2017-03-15,PanelC,C1_TFIDFLogit,2017-02-01,2017-03-15,hold,hold,0.09244362292509377,0.766564720505048,0.14099165656985815
fomc_20170503,2017-05-03,PanelC,C1_TFIDFLogit,2017-03-15,2017-05-03,hold,hold,0.09727823994455619,0.763470998971091,0.13925076108435283
fomc_20170614,2017-06-14,PanelC,C1_TFIDFLogit,2017-05-03,2017-06-14,hold,hold,0.0836519394134655,0.7992772876032918,0.1170707729832427
fomc_20170726,2017-07-26,PanelC,C1_TFIDFLogit,2017-06-14,2017-07-26,hold,hold,0.08733872758459116,0.7936141101240661,0.1190471622913428
fomc_20170920,2017-09-20,PanelC,C1_TFIDFLogit,2017-07-26,2017-09-20,hold,hold,0.09862059960078026,0.7727041026563327,0.12867529774288694
fomc_20171101,2017-11-01,PanelC,C1_TFIDFLogit,2017-09-20,2017-11-01,hold,hold,0.10220494010466874,0.7590927496347409,0.1387023102605903
fomc_20171213,2017-12-13,PanelC,C1_TFIDFLogit,2017-11-01,2017-12-13,hold,hold,0.0942753112752446,0.7751060830368964,0.13061860568785905
fomc_20180131,2018-01-31,PanelC,C1_TFIDFLogit,2017-12-13,2018-01-31,hold,hold,0.09602822363460782,0.7737370509056267,0.13023472545976533
fomc_20180321,2018-03-21,PanelC,C1_TFIDFLogit,2018-01-31,2018-03-21,hold,hold,0.08865313418908019,0.7877469575392805,0.12359990827163932
fomc_20180502,2018-05-02,PanelC,C1_TFIDFLogit,2018-03-21,2018-05-02,hold,hold,0.08463897916910226,0.793269195912645,0.12209182491825271
fomc_20180613,2018-06-13,PanelC,C1_TFIDFLogit,2018-05-02,2018-06-13,hold,hold,0.08617430776228399,0.7883398973703841,0.12548579486733186
fomc_20180801,2018-08-01,PanelC,C1_TFIDFLogit,2018-06-13,2018-08-01,hold,hold,0.08392492475101787,0.8025063781466186,0.11356869710236352
fomc_20180926,2018-09-26,PanelC,C1_TFIDFLogit,2018-08-01,2018-09-26,hold,hold,0.09661290814515637,0.7779388867563648,0.12544820509847887
fomc_20181108,2018-11-08,PanelC,C1_TFIDFLogit,2018-09-26,2018-11-08,hold,hold,0.10450810365080555,0.7651062683697177,0.13038562797947664
fomc_20181219,2018-12-19,PanelC,C1_TFIDFLogit,2018-11-08,2018-12-19,hold,hold,0.09276810612481633,0.7902011128112472,0.11703078106393647
fomc_20190130,2019-01-30,PanelC,C1_TFIDFLogit,2018-12-19,2019-01-30,hold,hold,0.09295008773608433,0.791900228924619,0.1151496833392966
fomc_20190320,2019-03-20,PanelC,C1_TFIDFLogit,2019-01-30,2019-03-20,hold,hold,0.08623020187272679,0.797956065313677,0.11581373281359619
fomc_20190501,2019-05-01,PanelC,C1_TFIDFLogit,2019-03-20,2019-05-01,hold,hold,0.08287589071240974,0.8061905367188494,0.11093357256874081
fomc_20190619,2019-06-19,PanelC,C1_TFIDFLogit,2019-05-01,2019-06-19,hold,hold,0.08523941264260454,0.8004151722708266,0.11434541508656895
fomc_20190731,2019-07-31,PanelC,C1_TFIDFLogit,2019-06-19,2019-07-31,hold,hold,0.0776345679237193,0.8214830757895866,0.10088235628669409
fomc_20190918,2019-09-18,PanelC,C1_TFIDFLogit,2019-07-31,2019-09-18,hold,hold,0.08256987121277211,0.8134111863719452,0.1040189424152826
fomc_20191030,2019-10-30,PanelC,C1_TFIDFLogit,2019-09-18,2019-10-30,hold,hold,0.08382857156530364,0.8137746361226545,0.10239679231204173
fomc_20191211,2019-12-11,PanelC,C1_TFIDFLogit,2019-10-30,2019-12-11,hold,hold,0.07838063605690107,0.8163458405243132,0.10527352341878574
fomc_20200129,2020-01-29,PanelC,C1_TFIDFLogit,2019-12-11,2020-01-29,hold,hold,0.08387241156717633,0.8095004116908345,0.10662717674198915
fomc_20200315,2020-03-15,PanelC,C1_TFIDFLogit,2020-01-29,2020-03-15,hold,hold,0.09250581960979676,0.8057437933728059,0.10175038701739733
fomc_20200429,2020-04-29,PanelC,C1_TFIDFLogit,2020-03-15,2020-04-29,hold,hold,0.1041303066459712,0.7876369290185637,0.1082327643354651
fomc_20200610,2020-06-10,PanelC,C1_TFIDFLogit,2020-04-29,2020-06-10,hold,hold,0.08647583832226918,0.8134399185273706,0.10008424315036014
fomc_20200729,2020-07-29,PanelC,C1_TFIDFLogit,2020-06-10,2020-07-29,hold,hold,0.08598701929563074,0.8156748639963394,0.09833811670802992
fomc_20200916,2020-09-16,PanelC,C1_TFIDFLogit,2020-07-29,2020-09-16,hold,hold,0.07948321356512536,0.8296221931498236,0.09089459328505105
fomc_20201105,2020-11-05,PanelC,C1_TFIDFLogit,2020-09-16,2020-11-05,hold,hold,0.075445937657635,0.8443327906899082,0.08022127165245682
fomc_20201216,2020-12-16,PanelC,C1_TFIDFLogit,2020-11-05,2020-12-16,hold,hold,0.07414431158434476,0.8405433110068455,0.08531237740880969
fomc_20210127,2021-01-27,PanelC,C1_TFIDFLogit,2020-12-16,2021-01-27,hold,hold,0.0809320527953852,0.8243299530494117,0.09473799415520322
fomc_20210317,2021-03-17,PanelC,C1_TFIDFLogit,2021-01-27,2021-03-17,hold,hold,0.07073483422412298,0.8406367449318967,0.08862842084398033
fomc_20210428,2021-04-28,PanelC,C1_TFIDFLogit,2021-03-17,2021-04-28,hold,hold,0.07193690578180273,0.8372298207562078,0.09083327346198956
fomc_20210616,2021-06-16,PanelC,C1_TFIDFLogit,2021-04-28,2021-06-16,hold,hold,0.0690193616506281,0.841444223717448,0.08953641463192402
fomc_20210728,2021-07-28,PanelC,C1_TFIDFLogit,2021-06-16,2021-07-28,hold,hold,0.05993094657192018,0.8663758741631998,0.07369317926487995
fomc_20210922,2021-09-22,PanelC,C1_TFIDFLogit,2021-07-28,2021-09-22,hold,hold,0.06861783341538766,0.8468044702085649,0.08457769637604742
fomc_20211103,2021-11-03,PanelC,C1_TFIDFLogit,2021-09-22,2021-11-03,hold,hold,0.0757705547521155,0.8340462940688264,0.09018315117905809
fomc_20211215,2021-12-15,PanelC,C1_TFIDFLogit,2021-11-03,2021-12-15,hold,hold,0.06577733748480581,0.8512748413082581,0.0829478212069361
fomc_20220126,2022-01-26,PanelC,C1_TFIDFLogit,2021-12-15,2022-01-26,hold,hold,0.07148092862582446,0.8387831811871689,0.08973589018700658
fomc_20220316,2022-03-16,PanelC,C1_TFIDFLogit,2022-01-26,2022-03-16,hold,hold,0.06252838183467975,0.8567866044736742,0.08068501369164603
fomc_20220504,2022-05-04,PanelC,C1_TFIDFLogit,2022-03-16,2022-05-04,hold,hold,0.06534880597877767,0.8534210928943723,0.08123010112685011
fomc_20220615,2022-06-15,PanelC,C1_TFIDFLogit,2022-05-04,2022-06-15,hold,hold,0.06487217274342667,0.8487952378077008,0.0863325894488725
fomc_20220727,2022-07-27,PanelC,C1_TFIDFLogit,2022-06-15,2022-07-27,hold,hold,0.0650362133510731,0.8534810487283144,0.08148273792061236
fomc_20220921,2022-09-21,PanelC,C1_TFIDFLogit,2022-07-27,2022-09-21,hold,hold,0.06481243510060142,0.8520050112342672,0.08318255366513132
fomc_20221102,2022-11-02,PanelC,C1_TFIDFLogit,2022-09-21,2022-11-02,hold,hold,0.06711297832095396,0.8523978965142863,0.0804891251647597
fomc_20221214,2022-12-14,PanelC,C1_TFIDFLogit,2022-11-02,2022-12-14,hold,hold,0.0650106637348631,0.8495342416609433,0.08545509460419365
fomc_20230201,2023-02-01,PanelC,C1_TFIDFLogit,2022-12-14,2023-02-01,hold,hold,0.06411574788930859,0.8521733544503151,0.08371089766037634
fomc_20230322,2023-03-22,PanelC,C1_TFIDFLogit,2023-02-01,2023-03-22,hold,hold,0.06095334944267424,0.8648838232750838,0.07416282728224197
fomc_20230503,2023-05-03,PanelC,C1_TFIDFLogit,2023-03-22,2023-05-03,hold,hold,0.06409799466635248,0.8555854840332793,0.0803165213003683
fomc_20230614,2023-06-14,PanelC,C1_TFIDFLogit,2023-05-03,2023-06-14,hold,hold,0.052540854529732964,0.8772233030644755,0.07023584240579155
fomc_20230726,2023-07-26,PanelC,C1_TFIDFLogit,2023-06-14,2023-07-26,hold,hold,0.05663896368471325,0.8726299811566031,0.07073105515868372
fomc_20230920,2023-09-20,PanelC,C1_TFIDFLogit,2023-07-26,2023-09-20,hold,hold,0.052113981859988376,0.8816855196667182,0.06620049847329347
fomc_20231101,2023-11-01,PanelC,C1_TFIDFLogit,2023-09-20,2023-11-01,hold,hold,0.054154697252499114,0.8797272210496777,0.06611808169782317
fomc_20231213,2023-12-13,PanelC,C1_TFIDFLogit,2023-11-01,2023-12-13,hold,hold,0.053280399609828735,0.8818736688129677,0.06484593157720359
fomc_20240131,2024-01-31,PanelC,C1_TFIDFLogit,2023-12-13,2024-01-31,hold,hold,0.05138700317183448,0.8790194556980888,0.06959354113007685
fomc_20240320,2024-03-20,PanelC,C1_TFIDFLogit,2024-01-31,2024-03-20,hold,hold,0.0533205276113276,0.8749137758826611,0.07176569650601142
fomc_20240501,2024-05-01,PanelC,C1_TFIDFLogit,2024-03-20,2024-05-01,hold,hold,0.047290630043013336,0.888812085045315,0.0638972849116717
fomc_20240612,2024-06-12,PanelC,C1_TFIDFLogit,2024-05-01,2024-06-12,hold,hold,0.04727314948077433,0.8893199261305044,0.06340692438872131
fomc_20240731,2024-07-31,PanelC,C1_TFIDFLogit,2024-06-12,2024-07-31,hold,hold,0.04677482538928457,0.8946305491813634,0.0585946254293519
fomc_20240918,2024-09-18,PanelC,C1_TFIDFLogit,2024-07-31,2024-09-18,hold,hold,0.048753607103542054,0.8901531974882626,0.061093195408195244
fomc_20241107,2024-11-07,PanelC,C1_TFIDFLogit,2024-09-18,2024-11-07,hold,hold,0.050250198458910135,0.8882432949070339,0.06150650663405591
fomc_20241218,2024-12-18,PanelC,C1_TFIDFLogit,2024-11-07,2024-12-18,hold,hold,0.04848447510634882,0.8891891378072814,0.06232638708636979
fomc_20250129,2025-01-29,PanelC,C1_TFIDFLogit,2024-12-18,2025-01-29,hold,hold,0.045564948170397294,0.8971395955119922,0.0572954563176106
fomc_20250319,2025-03-19,PanelC,C1_TFIDFLogit,2025-01-29,2025-03-19,hold,hold,0.04547142443793704,0.8945880255069896,0.05994055005507342
fomc_20250507,2025-05-07,PanelC,C1_TFIDFLogit,2025-03-19,2025-05-07,hold,hold,0.04389811332469429,0.8978438969712998,0.05825798970400593
fomc_20250618,2025-06-18,PanelC,C1_TFIDFLogit,2025-05-07,2025-06-18,hold,hold,0.044033874264447506,0.8964356285990915,0.05953049713646088
fomc_20250730,2025-07-30,PanelC,C1_TFIDFLogit,2025-06-18,2025-07-30,hold,hold,0.04394787683136925,0.8976854930793309,0.058366630089299966
fomc_20250917,2025-09-17,PanelC,C1_TFIDFLogit,2025-07-30,2025-09-17,hold,hold,0.042471619699815395,0.9030245680607651,0.05450381223941951
fomc_20251029,2025-10-29,PanelC,C1_TFIDFLogit,2025-09-17,2025-10-29,hold,hold,0.044680466710484264,0.9003529194045558,0.054966613884960026
fomc_20251210,2025-12-10,PanelC,C1_TFIDFLogit,2025-10-29,2025-12-10,hold,hold,0.04264178203938599,0.9014410967032006,0.055917121257413376
fomc_20260128,2026-01-28,PanelC,C1_TFIDFLogit,2025-12-10,2026-01-28,hold,hold,0.043583216544780166,0.8977530836183455,0.05866369983687423
fomc_20260318,2026-03-18,PanelC,C1_TFIDFLogit,2026-01-28,2026-03-18,hold,hold,0.04590374529255873,0.8898162220076096,0.06428003269983167
fomc_20001115,2000-11-15,PanelC,C2_EmbeddingLinear,2000-10-03,2000-11-15,hold,hike,0.1949781602313696,0.29514331065860816,0.5098785291100223
fomc_20001219,2000-12-19,PanelC,C2_EmbeddingLinear,2000-11-15,2000-12-19,hold,hike,0.17981643848641293,0.3470216339117029,0.47316192760188414
fomc_20010131,2001-01-31,PanelC,C2_EmbeddingLinear,2000-12-19,2001-01-31,cut,hike,0.19328284487161643,0.3654996953460396,0.441217459782344
fomc_20010320,2001-03-20,PanelC,C2_EmbeddingLinear,2001-01-31,2001-03-20,cut,hike,0.25852575673240247,0.33006756325696757,0.4114066800106301
fomc_20010515,2001-05-15,PanelC,C2_EmbeddingLinear,2001-03-20,2001-05-15,cut,hike,0.2998193470103782,0.30707943994252096,0.39310121304710083
fomc_20010627,2001-06-27,PanelC,C2_EmbeddingLinear,2001-05-15,2001-06-27,cut,hike,0.35303109249469466,0.2935186405626768,0.3534502669426286
fomc_20010821,2001-08-21,PanelC,C2_EmbeddingLinear,2001-06-27,2001-08-21,cut,cut,0.386998294446968,0.2628944104258968,0.3501072951271353
fomc_20011002,2001-10-02,PanelC,C2_EmbeddingLinear,2001-08-21,2001-10-02,cut,cut,0.42523002004636473,0.2547683262033497,0.32000165375028566
fomc_20011106,2001-11-06,PanelC,C2_EmbeddingLinear,2001-10-02,2001-11-06,cut,cut,0.45791687467200604,0.23190236669503078,0.31018075863296324
fomc_20011211,2001-12-11,PanelC,C2_EmbeddingLinear,2001-11-06,2001-12-11,cut,cut,0.4959572638513334,0.22107977633980408,0.2829629598088625
fomc_20020130,2002-01-30,PanelC,C2_EmbeddingLinear,2001-12-11,2002-01-30,hold,cut,0.4188273600005346,0.24203313566052095,0.33913950433894435
fomc_20020319,2002-03-19,PanelC,C2_EmbeddingLinear,2002-01-30,2002-03-19,hold,cut,0.40067526845779156,0.2934689628577788,0.30585576868442965
fomc_20020507,2002-05-07,PanelC,C2_EmbeddingLinear,2002-03-19,2002-05-07,hold,cut,0.36915068637557347,0.337721096227227,0.29312821739719946
fomc_20020626,2002-06-26,PanelC,C2_EmbeddingLinear,2002-05-07,2002-06-26,hold,hold,0.3348815079158133,0.38597161734710006,0.27914687473708666
fomc_20020813,2002-08-13,PanelC,C2_EmbeddingLinear,2002-06-26,2002-08-13,hold,hold,0.3266701734099471,0.40337142019578187,0.2699584063942711
fomc_20020924,2002-09-24,PanelC,C2_EmbeddingLinear,2002-08-13,2002-09-24,hold,hold,0.30369530460264454,0.4390891165533652,0.2572155788439903
fomc_20021106,2002-11-06,PanelC,C2_EmbeddingLinear,2002-09-24,2002-11-06,cut,hold,0.28655120890098656,0.4645422378225783,0.2489065532764352
fomc_20021210,2002-12-10,PanelC,C2_EmbeddingLinear,2002-11-06,2002-12-10,hold,hold,0.31972195554269384,0.4453755104277574,0.23490253402954875
fomc_20030129,2003-01-29,PanelC,C2_EmbeddingLinear,2002-12-10,2003-01-29,hold,hold,0.31670068799737255,0.37226539482075516,0.3110339171818723
fomc_20030318,2003-03-18,PanelC,C2_EmbeddingLinear,2003-01-29,2003-03-18,hold,hold,0.2895558904707037,0.4203084143956511,0.2901356951336453
fomc_20030506,2003-05-06,PanelC,C2_EmbeddingLinear,2003-03-18,2003-05-06,hold,hold,0.27340959971413126,0.45237412865079274,0.274216271635076
fomc_20030625,2003-06-25,PanelC,C2_EmbeddingLinear,2003-05-06,2003-06-25,cut,hold,0.2745580770269125,0.4654449936284689,0.25999692934461854
fomc_20030812,2003-08-12,PanelC,C2_EmbeddingLinear,2003-06-25,2003-08-12,hold,hold,0.31031654846604556,0.4468779748866405,0.24280547664731392
fomc_20030916,2003-09-16,PanelC,C2_EmbeddingLinear,2003-08-12,2003-09-16,hold,hold,0.29730773724050763,0.46694653960716176,0.23574572315233058
fomc_20031028,2003-10-28,PanelC,C2_EmbeddingLinear,2003-09-16,2003-10-28,hold,hold,0.2761776836768137,0.5063138566302733,0.21750845969291308
fomc_20031209,2003-12-09,PanelC,C2_EmbeddingLinear,2003-10-28,2003-12-09,hold,hold,0.276517980254426,0.5147444754989309,0.2087375442466432
fomc_20040128,2004-01-28,PanelC,C2_EmbeddingLinear,2003-12-09,2004-01-28,hold,hold,0.38164531012301856,0.41214676524594474,0.2062079246310367
fomc_20040316,2004-03-16,PanelC,C2_EmbeddingLinear,2004-01-28,2004-03-16,hold,hold,0.3575106993403982,0.44546903070453936,0.19702026995506255
fomc_20040504,2004-05-04,PanelC,C2_EmbeddingLinear,2004-03-16,2004-05-04,hold,hold,0.3464550944655935,0.46148632566547587,0.1920585798689306
fomc_20040630,2004-06-30,PanelC,C2_EmbeddingLinear,2004-05-04,2004-06-30,hike,hold,0.31952093127112285,0.4889333160761246,0.19154575265275248
fomc_20040810,2004-08-10,PanelC,C2_EmbeddingLinear,2004-06-30,2004-08-10,hike,hold,0.31369293219866873,0.47629719437216644,0.21000987342916488
fomc_20040921,2004-09-21,PanelC,C2_EmbeddingLinear,2004-08-10,2004-09-21,hike,hold,0.3036935313064583,0.45627628884576327,0.2400301798477784
fomc_20041110,2004-11-10,PanelC,C2_EmbeddingLinear,2004-09-21,2004-11-10,hike,hold,0.29697784186949144,0.4331184331482229,0.2699037249822857
fomc_20041214,2004-12-14,PanelC,C2_EmbeddingLinear,2004-11-10,2004-12-14,hike,hold,0.2542168179522291,0.4567229133722775,0.2890602686754933
fomc_20050202,2005-02-02,PanelC,C2_EmbeddingLinear,2004-12-14,2005-02-02,hike,hold,0.20337621968082853,0.5016693461370381,0.2949544341821333
fomc_20050322,2005-03-22,PanelC,C2_EmbeddingLinear,2005-02-02,2005-03-22,hike,hold,0.18538997242238425,0.4875812653299328,0.32702876224768296
fomc_20050503,2005-05-03,PanelC,C2_EmbeddingLinear,2005-03-22,2005-05-03,hike,hold,0.20258582221596988,0.4416062910606785,0.35580788672335156
fomc_20050630,2005-06-30,PanelC,C2_EmbeddingLinear,2005-05-03,2005-06-30,hike,hold,0.1936696303600627,0.40627556288355726,0.40005480675637994
fomc_20050809,2005-08-09,PanelC,C2_EmbeddingLinear,2005-06-30,2005-08-09,hike,hike,0.18883639240710637,0.3998010520810697,0.41136255551182394
fomc_20050920,2005-09-20,PanelC,C2_EmbeddingLinear,2005-08-09,2005-09-20,hike,hike,0.17666772546089773,0.3818349761149661,0.4414972984241362
fomc_20051101,2005-11-01,PanelC,C2_EmbeddingLinear,2005-09-20,2005-11-01,hike,hike,0.1747917836026515,0.35493013591196354,0.4702780804853849
fomc_20051213,2005-12-13,PanelC,C2_EmbeddingLinear,2005-11-01,2005-12-13,hike,hike,0.17286533609183657,0.3402110440316399,0.48692361987652344
fomc_20060131,2006-01-31,PanelC,C2_EmbeddingLinear,2005-12-13,2006-01-31,hike,hike,0.1842682162677702,0.35034155775324,0.46539022597898977
fomc_20060328,2006-03-28,PanelC,C2_EmbeddingLinear,2006-01-31,2006-03-28,hike,hike,0.15698128250929055,0.32764137049105707,0.5153773469996523
fomc_20060510,2006-05-10,PanelC,C2_EmbeddingLinear,2006-03-28,2006-05-10,hike,hike,0.15269526434718322,0.3237394850154136,0.5235652506374031
fomc_20060629,2006-06-29,PanelC,C2_EmbeddingLinear,2006-05-10,2006-06-29,hike,hike,0.14098144878683708,0.29391901171644697,0.5650995394967159
fomc_20060808,2006-08-08,PanelC,C2_EmbeddingLinear,2006-06-29,2006-08-08,hold,hike,0.16644180256598715,0.309471521221297,0.5240866762127159
fomc_20060920,2006-09-20,PanelC,C2_EmbeddingLinear,2006-08-08,2006-09-20,hold,hike,0.1503643103430505,0.31245117696049163,0.5371845126964578
fomc_20061025,2006-10-25,PanelC,C2_EmbeddingLinear,2006-09-20,2006-10-25,hold,hike,0.15612048003869516,0.30830683297069034,0.5355726869906147
fomc_20061212,2006-12-12,PanelC,C2_EmbeddingLinear,2006-10-25,2006-12-12,hold,hike,0.15243573640879046,0.3464003354870514,0.5011639281041582
fomc_20070131,2007-01-31,PanelC,C2_EmbeddingLinear,2006-12-12,2007-01-31,hold,hike,0.2158080494513301,0.30643288244299677,0.47775906810567303
fomc_20070321,2007-03-21,PanelC,C2_EmbeddingLinear,2007-01-31,2007-03-21,hold,hike,0.20669225817000347,0.35543868147279606,0.43786906035720047
fomc_20070509,2007-05-09,PanelC,C2_EmbeddingLinear,2007-03-21,2007-05-09,hold,hike,0.19907639144750833,0.37929998301254825,0.4216236255399434
fomc_20070618,2007-06-18,PanelC,C2_EmbeddingLinear,2007-05-09,2007-06-18,hold,hike,0.19714128891550248,0.40011092110377544,0.4027477899807222
fomc_20070807,2007-08-07,PanelC,C2_EmbeddingLinear,2007-06-18,2007-08-07,hold,hold,0.19215176873609935,0.4249230040071927,0.38292522725670797
fomc_20070918,2007-09-18,PanelC,C2_EmbeddingLinear,2007-08-07,2007-09-18,cut,hold,0.1881182434563294,0.44300319857732584,0.3688785579663448
fomc_20071031,2007-10-31,PanelC,C2_EmbeddingLinear,2007-09-18,2007-10-31,cut,hold,0.19808819275221584,0.4272191597203634,0.3746926475274208
fomc_20071211,2007-12-11,PanelC,C2_EmbeddingLinear,2007-10-31,2007-12-11,cut,hike,0.23390403960281045,0.38075240573896507,0.3853435546582245
fomc_20080130,2008-01-30,PanelC,C2_EmbeddingLinear,2007-12-11,2008-01-30,cut,hike,0.20032815835295295,0.397835845786057,0.40183599586099006
fomc_20080318,2008-03-18,PanelC,C2_EmbeddingLinear,2008-01-30,2008-03-18,cut,hike,0.2234284063747197,0.3385420154327362,0.43802957819254396
fomc_20080430,2008-04-30,PanelC,C2_EmbeddingLinear,2008-03-18,2008-04-30,cut,hold,0.261553202398591,0.3811564160509528,0.3572903815504562
fomc_20080805,2008-08-05,PanelC,C2_EmbeddingLinear,2008-04-30,2008-08-05,hold,hike,0.3150778402572013,0.32179891902912044,0.3631232407136782
fomc_20080916,2008-09-16,PanelC,C2_EmbeddingLinear,2008-08-05,2008-09-16,hold,hold,0.31928708171090237,0.36032665796065444,0.32038626032844325
fomc_20081029,2008-10-29,PanelC,C2_EmbeddingLinear,2008-09-16,2008-10-29,cut,hold,0.2952161540198597,0.4106441465894876,0.2941396993906527
fomc_20081216,2008-12-16,PanelC,C2_EmbeddingLinear,2008-10-29,2008-12-16,cut,hold,0.32981356084852687,0.3787559876718418,0.2914304514796313
fomc_20090128,2009-01-28,PanelC,C2_EmbeddingLinear,2008-12-16,2009-01-28,hold,hold,0.27998849712370144,0.4110221892449025,0.3089893136313959
fomc_20090318,2009-03-18,PanelC,C2_EmbeddingLinear,2009-01-28,2009-03-18,hold,hold,0.2755604956715539,0.42725536563533534,0.29718413869311083
fomc_20090429,2009-04-29,PanelC,C2_EmbeddingLinear,2009-03-18,2009-04-29,hold,hold,0.2624321847038196,0.47087475219437136,0.26669306310180907
fomc_20090624,2009-06-24,PanelC,C2_EmbeddingLinear,2009-04-29,2009-06-24,hold,hold,0.23273708992871653,0.5083224631390703,0.25894044693221313
fomc_20090812,2009-08-12,PanelC,C2_EmbeddingLinear,2009-06-24,2009-08-12,hold,hold,0.22194530164285675,0.5252193705567852,0.252835327800358
fomc_20090923,2009-09-23,PanelC,C2_EmbeddingLinear,2009-08-12,2009-09-23,hold,hold,0.19109667606673839,0.5668690866683881,0.2420342372648736
fomc_20091104,2009-11-04,PanelC,C2_EmbeddingLinear,2009-09-23,2009-11-04,hold,hold,0.19012296641186205,0.5863306258633264,0.2235464077248116
fomc_20091216,2009-12-16,PanelC,C2_EmbeddingLinear,2009-11-04,2009-12-16,hold,hold,0.19083123587498513,0.5925902248285904,0.21657853929642443
fomc_20100127,2010-01-27,PanelC,C2_EmbeddingLinear,2009-12-16,2010-01-27,hold,hold,0.27663399219379,0.49941503897517964,0.22395096883103038
fomc_20100316,2010-03-16,PanelC,C2_EmbeddingLinear,2010-01-27,2010-03-16,hold,hold,0.2718599722201894,0.4908270289009198,0.23731299887889085
fomc_20100428,2010-04-28,PanelC,C2_EmbeddingLinear,2010-03-16,2010-04-28,hold,hold,0.20828399340128262,0.6085623658622922,0.18315364073642518
fomc_20100623,2010-06-23,PanelC,C2_EmbeddingLinear,2010-04-28,2010-06-23,hold,hold,0.20625560198014767,0.6146430207134393,0.17910137730641298
fomc_20100810,2010-08-10,PanelC,C2_EmbeddingLinear,2010-06-23,2010-08-10,hold,hold,0.23253090440656093,0.5619295506667371,0.20553954492670204
fomc_20100921,2010-09-21,PanelC,C2_EmbeddingLinear,2010-08-10,2010-09-21,hold,hold,0.22294922715930654,0.582848296275576,0.19420247656511755
fomc_20101103,2010-11-03,PanelC,C2_EmbeddingLinear,2010-09-21,2010-11-03,hold,hold,0.21128841657353659,0.6259799586115015,0.16273162481496187
fomc_20101214,2010-12-14,PanelC,C2_EmbeddingLinear,2010-11-03,2010-12-14,hold,hold,0.22929533924956827,0.5716216592814786,0.1990830014689531
fomc_20110126,2011-01-26,PanelC,C2_EmbeddingLinear,2010-12-14,2011-01-26,hold,hold,0.22174763803260525,0.5463965076828793,0.2318558542845154
fomc_20110315,2011-03-15,PanelC,C2_EmbeddingLinear,2011-01-26,2011-03-15,hold,hold,0.20560771593569194,0.5425281648010893,0.25186411926321867
fomc_20110427,2011-04-27,PanelC,C2_EmbeddingLinear,2011-03-15,2011-04-27,hold,hold,0.18333132254393425,0.6216632892907081,0.19500538816535762
fomc_20110622,2011-06-22,PanelC,C2_EmbeddingLinear,2011-04-27,2011-06-22,hold,hold,0.17277919986133072,0.645645656583601,0.18157514355506843
fomc_20110809,2011-08-09,PanelC,C2_EmbeddingLinear,2011-06-22,2011-08-09,hold,hold,0.17771638145554408,0.6197531400004729,0.20253047854398307
fomc_20110921,2011-09-21,PanelC,C2_EmbeddingLinear,2011-08-09,2011-09-21,hold,hold,0.15623012793150898,0.6544059642597543,0.1893639078087368
fomc_20111102,2011-11-02,PanelC,C2_EmbeddingLinear,2011-09-21,2011-11-02,hold,hold,0.1545735301652793,0.68710234842573,0.1583241214089906
fomc_20111213,2011-12-13,PanelC,C2_EmbeddingLinear,2011-11-02,2011-12-13,hold,hold,0.162008340939998,0.6559373490549044,0.18205431000509753
fomc_20120125,2012-01-25,PanelC,C2_EmbeddingLinear,2011-12-13,2012-01-25,hold,hold,0.10106030371172373,0.7338945386882455,0.16504515760003072
fomc_20120313,2012-03-13,PanelC,C2_EmbeddingLinear,2012-01-25,2012-03-13,hold,hold,0.09636004429745444,0.7325741332732908,0.17106582242925464
fomc_20120425,2012-04-25,PanelC,C2_EmbeddingLinear,2012-03-13,2012-04-25,hold,hold,0.08946490308467817,0.7719240953460343,0.1386110015692875
fomc_20120620,2012-06-20,PanelC,C2_EmbeddingLinear,2012-04-25,2012-06-20,hold,hold,0.08823044903317742,0.7803949266801395,0.1313746242866831
fomc_20120801,2012-08-01,PanelC,C2_EmbeddingLinear,2012-06-20,2012-08-01,hold,hold,0.08508802791592246,0.7829853878491977,0.13192658423487982
fomc_20120913,2012-09-13,PanelC,C2_EmbeddingLinear,2012-08-01,2012-09-13,hold,hold,0.08170869317581876,0.7987824437967237,0.11950886302745754
fomc_20121024,2012-10-24,PanelC,C2_EmbeddingLinear,2012-09-13,2012-10-24,hold,hold,0.07814428439525131,0.800485060850921,0.1213706547538278
fomc_20121212,2012-12-12,PanelC,C2_EmbeddingLinear,2012-10-24,2012-12-12,hold,hold,0.07874928029583386,0.808691083829196,0.11255963587497024
fomc_20130130,2013-01-30,PanelC,C2_EmbeddingLinear,2012-12-12,2013-01-30,hold,hold,0.16579936180388974,0.6725028367649498,0.16169780143116047
fomc_20130320,2013-03-20,PanelC,C2_EmbeddingLinear,2013-01-30,2013-03-20,hold,hold,0.14992459773953154,0.7025358849266006,0.1475395173338679
fomc_20130501,2013-05-01,PanelC,C2_EmbeddingLinear,2013-03-20,2013-05-01,hold,hold,0.13947505887091718,0.7154794724192658,0.14504546870981708
fomc_20130619,2013-06-19,PanelC,C2_EmbeddingLinear,2013-05-01,2013-06-19,hold,hold,0.13563706223980238,0.7263796333383438,0.13798330442185391
fomc_20130731,2013-07-31,PanelC,C2_EmbeddingLinear,2013-06-19,2013-07-31,hold,hold,0.12739403760328458,0.7373564324132895,0.13524952998342596
fomc_20130918,2013-09-18,PanelC,C2_EmbeddingLinear,2013-07-31,2013-09-18,hold,hold,0.13502992829770766,0.7354522784000476,0.12951779330224464
fomc_20131030,2013-10-30,PanelC,C2_EmbeddingLinear,2013-09-18,2013-10-30,hold,hold,0.1308433261102534,0.7382210448321201,0.13093562905762643
fomc_20131218,2013-12-18,PanelC,C2_EmbeddingLinear,2013-10-30,2013-12-18,hold,hold,0.1258168021981766,0.7556170499612558,0.11856614784056763
fomc_20140129,2014-01-29,PanelC,C2_EmbeddingLinear,2013-12-18,2014-01-29,hold,hold,0.12538985605147,0.7229294087691867,0.15168073517934347
fomc_20140319,2014-03-19,PanelC,C2_EmbeddingLinear,2014-01-29,2014-03-19,hold,hold,0.1253150269095843,0.7324787059759901,0.14220626711442563
fomc_20140430,2014-04-30,PanelC,C2_EmbeddingLinear,2014-03-19,2014-04-30,hold,hold,0.12705715700024614,0.7223079941337497,0.1506348488660043
fomc_20140618,2014-06-18,PanelC,C2_EmbeddingLinear,2014-04-30,2014-06-18,hold,hold,0.11516035493048812,0.7555104336332902,0.12932921143622164
fomc_20140730,2014-07-30,PanelC,C2_EmbeddingLinear,2014-06-18,2014-07-30,hold,hold,0.11606430740146616,0.743663132047055,0.14027256055147874
fomc_20140917,2014-09-17,PanelC,C2_EmbeddingLinear,2014-07-30,2014-09-17,hold,hold,0.1061221899609405,0.7750973489678995,0.11878046107115993
fomc_20141029,2014-10-29,PanelC,C2_EmbeddingLinear,2014-09-17,2014-10-29,hold,hold,0.10236279231658736,0.7766373817561893,0.12099982592722315
fomc_20141217,2014-12-17,PanelC,C2_EmbeddingLinear,2014-10-29,2014-12-17,hold,hold,0.10090432460015192,0.787155209503723,0.11194046589612519
fomc_20150128,2015-01-28,PanelC,C2_EmbeddingLinear,2014-12-17,2015-01-28,hold,hold,0.07976374833108778,0.8018560657107516,0.11838018595816067
fomc_20150318,2015-03-18,PanelC,C2_EmbeddingLinear,2015-01-28,2015-03-18,hold,hold,0.07398765260126086,0.8023911314524987,0.12362121594624027
fomc_20150429,2015-04-29,PanelC,C2_EmbeddingLinear,2015-03-18,2015-04-29,hold,hold,0.07177018884616342,0.8109346470483382,0.1172951641054984
fomc_20150617,2015-06-17,PanelC,C2_EmbeddingLinear,2015-04-29,2015-06-17,hold,hold,0.06264204032251708,0.8359771197165893,0.10138083996089359
fomc_20150729,2015-07-29,PanelC,C2_EmbeddingLinear,2015-06-17,2015-07-29,hold,hold,0.07234592591875899,0.798875890744539,0.12877818333670193
fomc_20150917,2015-09-17,PanelC,C2_EmbeddingLinear,2015-07-29,2015-09-17,hold,hold,0.06644512337049396,0.8470600595550202,0.08649481707448597
fomc_20151028,2015-10-28,PanelC,C2_EmbeddingLinear,2015-09-17,2015-10-28,hold,hold,0.062429873321036874,0.8518032291028493,0.08576689757611379
fomc_20151216,2015-12-16,PanelC,C2_EmbeddingLinear,2015-10-28,2015-12-16,hike,hold,0.05725259649018565,0.8558176999896111,0.08692970352020327
fomc_20160127,2016-01-27,PanelC,C2_EmbeddingLinear,2015-12-16,2016-01-27,hold,hold,0.12879202070219967,0.7490213766067189,0.1221866026910815
fomc_20160316,2016-03-16,PanelC,C2_EmbeddingLinear,2016-01-27,2016-03-16,hold,hold,0.1267220219739898,0.7586876502679847,0.11459032775802543
fomc_20160427,2016-04-27,PanelC,C2_EmbeddingLinear,2016-03-16,2016-04-27,hold,hold,0.12075761502795193,0.7634884700768961,0.11575391489515194
fomc_20160615,2016-06-15,PanelC,C2_EmbeddingLinear,2016-04-27,2016-06-15,hold,hold,0.1107739636607901,0.783986521426024,0.10523951491318599
fomc_20160727,2016-07-27,PanelC,C2_EmbeddingLinear,2016-06-15,2016-07-27,hold,hold,0.11196568739674109,0.7789334213551278,0.10910089124813116
fomc_20160921,2016-09-21,PanelC,C2_EmbeddingLinear,2016-07-27,2016-09-21,hold,hold,0.11367958248420051,0.7828103815810098,0.1035100359347898
fomc_20161102,2016-11-02,PanelC,C2_EmbeddingLinear,2016-09-21,2016-11-02,hold,hold,0.10539449161354197,0.7944313098866835,0.1001741984997744
fomc_20161214,2016-12-14,PanelC,C2_EmbeddingLinear,2016-11-02,2016-12-14,hike,hold,0.1007081659666877,0.8074425491068614,0.09184928492645095
fomc_20170201,2017-02-01,PanelC,C2_EmbeddingLinear,2016-12-14,2017-02-01,hold,hold,0.0877303620664873,0.7514755760483797,0.16079406188513318
fomc_20170315,2017-03-15,PanelC,C2_EmbeddingLinear,2017-02-01,2017-03-15,hold,hold,0.08551040011606424,0.7754314547014749,0.1390581451824609
fomc_20170503,2017-05-03,PanelC,C2_EmbeddingLinear,2017-03-15,2017-05-03,hold,hold,0.09216663948845473,0.7455227116255664,0.16231064888597888
fomc_20170614,2017-06-14,PanelC,C2_EmbeddingLinear,2017-05-03,2017-06-14,hold,hold,0.08203145763661471,0.7825116579295022,0.13545688443388315
fomc_20170726,2017-07-26,PanelC,C2_EmbeddingLinear,2017-06-14,2017-07-26,hold,hold,0.08102196462092791,0.7764798315162305,0.14249820386284173
fomc_20170920,2017-09-20,PanelC,C2_EmbeddingLinear,2017-07-26,2017-09-20,hold,hold,0.0828586756497251,0.7881679540494947,0.12897337030078024
fomc_20171101,2017-11-01,PanelC,C2_EmbeddingLinear,2017-09-20,2017-11-01,hold,hold,0.07685539473262883,0.792818389128676,0.1303262161386953
fomc_20171213,2017-12-13,PanelC,C2_EmbeddingLinear,2017-11-01,2017-12-13,hold,hold,0.07754033674797922,0.7964693738900421,0.12599028936197862
fomc_20180131,2018-01-31,PanelC,C2_EmbeddingLinear,2017-12-13,2018-01-31,hold,hold,0.06622405285409216,0.7959373129212249,0.13783863422468293
fomc_20180321,2018-03-21,PanelC,C2_EmbeddingLinear,2018-01-31,2018-03-21,hold,hold,0.068081862217246,0.8063766169157884,0.12554152086696546
fomc_20180502,2018-05-02,PanelC,C2_EmbeddingLinear,2018-03-21,2018-05-02,hold,hold,0.06376380422944683,0.7942232215495093,0.14201297422104392
fomc_20180613,2018-06-13,PanelC,C2_EmbeddingLinear,2018-05-02,2018-06-13,hold,hold,0.064512757865464,0.81725427440372,0.11823296773081607
fomc_20180801,2018-08-01,PanelC,C2_EmbeddingLinear,2018-06-13,2018-08-01,hold,hold,0.0674344410918056,0.7989193441650718,0.13364621474312258
fomc_20180926,2018-09-26,PanelC,C2_EmbeddingLinear,2018-08-01,2018-09-26,hold,hold,0.07061306992199934,0.8089954193425987,0.12039151073540207
fomc_20181108,2018-11-08,PanelC,C2_EmbeddingLinear,2018-09-26,2018-11-08,hold,hold,0.05916446406042557,0.8315237416181159,0.10931179432145853
fomc_20181219,2018-12-19,PanelC,C2_EmbeddingLinear,2018-11-08,2018-12-19,hold,hold,0.05783164316363679,0.8359558939091035,0.10621246292725954
fomc_20190130,2019-01-30,PanelC,C2_EmbeddingLinear,2018-12-19,2019-01-30,hold,hold,0.09620012471764294,0.7925519272022546,0.11124794808010244
fomc_20190320,2019-03-20,PanelC,C2_EmbeddingLinear,2019-01-30,2019-03-20,hold,hold,0.08722699169007277,0.8165529687606803,0.09622003954924689
fomc_20190501,2019-05-01,PanelC,C2_EmbeddingLinear,2019-03-20,2019-05-01,hold,hold,0.09636396313726125,0.7912193538844013,0.11241668297833743
fomc_20190619,2019-06-19,PanelC,C2_EmbeddingLinear,2019-05-01,2019-06-19,hold,hold,0.08245192313680375,0.8245689064635765,0.09297917039961967
fomc_20190731,2019-07-31,PanelC,C2_EmbeddingLinear,2019-06-19,2019-07-31,hold,hold,0.0804504665766333,0.8250185227202268,0.09453101070313993
fomc_20190918,2019-09-18,PanelC,C2_EmbeddingLinear,2019-07-31,2019-09-18,hold,hold,0.07608760653442712,0.8386461539070748,0.0852662395584982
fomc_20191030,2019-10-30,PanelC,C2_EmbeddingLinear,2019-09-18,2019-10-30,hold,hold,0.07743849058192563,0.8327243204435799,0.08983718897449444
fomc_20191211,2019-12-11,PanelC,C2_EmbeddingLinear,2019-10-30,2019-12-11,hold,hold,0.07202435098772507,0.8481640772708029,0.0798115717414721
fomc_20200129,2020-01-29,PanelC,C2_EmbeddingLinear,2019-12-11,2020-01-29,hold,hold,0.05943602602999599,0.8628154740028265,0.07774849996717749
fomc_20200315,2020-03-15,PanelC,C2_EmbeddingLinear,2020-01-29,2020-03-15,hold,hold,0.0745677976124741,0.8224522999699844,0.10297990241754156
fomc_20200429,2020-04-29,PanelC,C2_EmbeddingLinear,2020-03-15,2020-04-29,hold,hold,0.0691721896248311,0.8395673560213724,0.09126045435379637
fomc_20200610,2020-06-10,PanelC,C2_EmbeddingLinear,2020-04-29,2020-06-10,hold,hold,0.0659656034032646,0.8500338048914977,0.0840005917052378
fomc_20200729,2020-07-29,PanelC,C2_EmbeddingLinear,2020-06-10,2020-07-29,hold,hold,0.0651625320252468,0.8502548891363179,0.08458257883843526
fomc_20200916,2020-09-16,PanelC,C2_EmbeddingLinear,2020-07-29,2020-09-16,hold,hold,0.06325226547210828,0.8564123990394377,0.08033533548845397
fomc_20201105,2020-11-05,PanelC,C2_EmbeddingLinear,2020-09-16,2020-11-05,hold,hold,0.05645113461155883,0.8421621802492129,0.10138668513922837
fomc_20201216,2020-12-16,PanelC,C2_EmbeddingLinear,2020-11-05,2020-12-16,hold,hold,0.05995994187968266,0.8596745067858375,0.08036555133447985
fomc_20210127,2021-01-27,PanelC,C2_EmbeddingLinear,2020-12-16,2021-01-27,hold,hold,0.043200545005227145,0.8576190488806834,0.09918040611408943
fomc_20210317,2021-03-17,PanelC,C2_EmbeddingLinear,2021-01-27,2021-03-17,hold,hold,0.04440433851768299,0.8565075801814891,0.09908808130082798
fomc_20210428,2021-04-28,PanelC,C2_EmbeddingLinear,2021-03-17,2021-04-28,hold,hold,0.03850036774272345,0.8726349394742092,0.08886469278306729
fomc_20210616,2021-06-16,PanelC,C2_EmbeddingLinear,2021-04-28,2021-06-16,hold,hold,0.04278093676784874,0.8579083813278433,0.099310681904308
fomc_20210728,2021-07-28,PanelC,C2_EmbeddingLinear,2021-06-16,2021-07-28,hold,hold,0.03647401036220274,0.882441457333601,0.08108453230419616
fomc_20210922,2021-09-22,PanelC,C2_EmbeddingLinear,2021-07-28,2021-09-22,hold,hold,0.035201377747750354,0.8859899381075451,0.07880868414470449
fomc_20211103,2021-11-03,PanelC,C2_EmbeddingLinear,2021-09-22,2021-11-03,hold,hold,0.03117229974967767,0.8880915992410566,0.08073610100926575
fomc_20211215,2021-12-15,PanelC,C2_EmbeddingLinear,2021-11-03,2021-12-15,hold,hold,0.03278378710464157,0.8839981605319033,0.08321805236345516
fomc_20220126,2022-01-26,PanelC,C2_EmbeddingLinear,2021-12-15,2022-01-26,hold,hold,0.07820445324436999,0.8337296281608301,0.08806591859479987
fomc_20220316,2022-03-16,PanelC,C2_EmbeddingLinear,2022-01-26,2022-03-16,hold,hold,0.06895431279994634,0.8509819806115607,0.08006370658849286
fomc_20220504,2022-05-04,PanelC,C2_EmbeddingLinear,2022-03-16,2022-05-04,hold,hold,0.0652585094330704,0.8533552283235375,0.08138626224339206
fomc_20220615,2022-06-15,PanelC,C2_EmbeddingLinear,2022-05-04,2022-06-15,hold,hold,0.051111868526574566,0.8915379800903798,0.0573501513830456
fomc_20220727,2022-07-27,PanelC,C2_EmbeddingLinear,2022-06-15,2022-07-27,hold,hold,0.060017874545008086,0.8799760829802172,0.06000604247477471
fomc_20220921,2022-09-21,PanelC,C2_EmbeddingLinear,2022-07-27,2022-09-21,hold,hold,0.052427041965617184,0.8913718182178094,0.05620113981657353
fomc_20221102,2022-11-02,PanelC,C2_EmbeddingLinear,2022-09-21,2022-11-02,hold,hold,0.053222603628934044,0.8918110948037111,0.05496630156735472
fomc_20221214,2022-12-14,PanelC,C2_EmbeddingLinear,2022-11-02,2022-12-14,hold,hold,0.052500973223654435,0.892287028524572,0.055211998251773586
fomc_20230201,2023-02-01,PanelC,C2_EmbeddingLinear,2022-12-14,2023-02-01,hold,hold,0.048772409345834614,0.8772199033593908,0.07400768729477458
fomc_20230322,2023-03-22,PanelC,C2_EmbeddingLinear,2023-02-01,2023-03-22,hold,hold,0.0476576826573219,0.8786358840296196,0.07370643331305843
fomc_20230503,2023-05-03,PanelC,C2_EmbeddingLinear,2023-03-22,2023-05-03,hold,hold,0.043892262671400686,0.8854721151513794,0.0706356221772199
fomc_20230614,2023-06-14,PanelC,C2_EmbeddingLinear,2023-05-03,2023-06-14,hold,hold,0.042971357555818546,0.8913238529412294,0.065704789502952
fomc_20230726,2023-07-26,PanelC,C2_EmbeddingLinear,2023-06-14,2023-07-26,hold,hold,0.04822453914662221,0.8659665881384127,0.08580887271496515
fomc_20230920,2023-09-20,PanelC,C2_EmbeddingLinear,2023-07-26,2023-09-20,hold,hold,0.04494682013283938,0.8834384950406009,0.07161468482655972
fomc_20231101,2023-11-01,PanelC,C2_EmbeddingLinear,2023-09-20,2023-11-01,hold,hold,0.045680936402141416,0.8854463946607568,0.0688726689371018
fomc_20231213,2023-12-13,PanelC,C2_EmbeddingLinear,2023-11-01,2023-12-13,hold,hold,0.04438329413114674,0.8871695140757312,0.06844719179312204
fomc_20240131,2024-01-31,PanelC,C2_EmbeddingLinear,2023-12-13,2024-01-31,hold,hold,0.03241549944283578,0.8942996284688424,0.07328487208832192
fomc_20240320,2024-03-20,PanelC,C2_EmbeddingLinear,2024-01-31,2024-03-20,hold,hold,0.032181621615701504,0.8955935282702404,0.07222485011405796
fomc_20240501,2024-05-01,PanelC,C2_EmbeddingLinear,2024-03-20,2024-05-01,hold,hold,0.029787605128806533,0.9014505969612426,0.06876179790995089
fomc_20240612,2024-06-12,PanelC,C2_EmbeddingLinear,2024-05-01,2024-06-12,hold,hold,0.028573907056195308,0.9056873406938136,0.06573875224999116
fomc_20240731,2024-07-31,PanelC,C2_EmbeddingLinear,2024-06-12,2024-07-31,hold,hold,0.08304281876394035,0.801534456718347,0.11542272451771264
fomc_20240918,2024-09-18,PanelC,C2_EmbeddingLinear,2024-07-31,2024-09-18,hold,hold,0.10752950652641154,0.7508125943789878,0.14165789909460055
fomc_20241107,2024-11-07,PanelC,C2_EmbeddingLinear,2024-09-18,2024-11-07,hold,hold,0.07285716888975166,0.8497754364349933,0.07736739467525505
fomc_20241218,2024-12-18,PanelC,C2_EmbeddingLinear,2024-11-07,2024-12-18,hold,hold,0.06236390958382542,0.849405818969617,0.08823027144655754
fomc_20250129,2025-01-29,PanelC,C2_EmbeddingLinear,2024-12-18,2025-01-29,hold,hold,0.0940132614104553,0.7463842804390828,0.15960245815046195
fomc_20250319,2025-03-19,PanelC,C2_EmbeddingLinear,2025-01-29,2025-03-19,hold,hold,0.06892221092822456,0.8482682640094841,0.08280952506229126
fomc_20250507,2025-05-07,PanelC,C2_EmbeddingLinear,2025-03-19,2025-05-07,hold,hold,0.043277691902763704,0.9032541331003926,0.053468174996843726
fomc_20250618,2025-06-18,PanelC,C2_EmbeddingLinear,2025-05-07,2025-06-18,hold,hold,0.07341799503237291,0.8462075795124574,0.08037442545516969
fomc_20250730,2025-07-30,PanelC,C2_EmbeddingLinear,2025-06-18,2025-07-30,hold,hold,0.05987312024165787,0.8590870192562353,0.08103986050210679
fomc_20250917,2025-09-17,PanelC,C2_EmbeddingLinear,2025-07-30,2025-09-17,hold,hold,0.07909517677291199,0.8334400553031067,0.08746476792398136
fomc_20251029,2025-10-29,PanelC,C2_EmbeddingLinear,2025-09-17,2025-10-29,hold,hold,0.06705219026532379,0.8534120668017288,0.07953574293294743
fomc_20251210,2025-12-10,PanelC,C2_EmbeddingLinear,2025-10-29,2025-12-10,hold,hold,0.050146125816609634,0.8844194495954957,0.06543442458789472
fomc_20260128,2026-01-28,PanelC,C2_EmbeddingLinear,2025-12-10,2026-01-28,hold,hold,0.07392875995050882,0.8175497218594535,0.10852151819003757
fomc_20260318,2026-03-18,PanelC,C2_EmbeddingLinear,2026-01-28,2026-03-18,hold,hold,0.0780980343004726,0.8323296644136445,0.08957230128588299
