meeting_id,meeting_date,panel,baseline,train_end_date,test_date,y_true,pred_class,p_cut,p_hold,p_hike,lexicon_score
fomc_20000822,2000-08-22,PanelB,B1_TFIDFLogit,2000-06-28,2000-08-22,hold,hike,0.18808714430802687,0.23163295508376253,0.5802799006082107,
fomc_20001003,2000-10-03,PanelB,B1_TFIDFLogit,2000-08-22,2000-10-03,hold,hike,0.19486097648103967,0.3529623290259422,0.452176694493018,
fomc_20001115,2000-11-15,PanelB,B1_TFIDFLogit,2000-10-03,2000-11-15,hold,hike,0.19529602893956305,0.36344894446158127,0.44125502659885557,
fomc_20001219,2000-12-19,PanelB,B1_TFIDFLogit,2000-11-15,2000-12-19,hold,hike,0.1860413256350199,0.32372290799621334,0.49023576636876676,
fomc_20010103,2001-01-03,PanelB,B1_TFIDFLogit,2000-12-19,2001-01-03,cut,hike,0.18801641783526207,0.33774297272547427,0.47424060943926355,
fomc_20010131,2001-01-31,PanelB,B1_TFIDFLogit,2001-01-03,2001-01-31,cut,hike,0.2948256026217836,0.30586853813274345,0.3993058592454729,
fomc_20010320,2001-03-20,PanelB,B1_TFIDFLogit,2001-01-31,2001-03-20,cut,hike,0.2877498796928668,0.2808818768350547,0.43136824347207836,
fomc_20010418,2001-04-18,PanelB,B1_TFIDFLogit,2001-03-20,2001-04-18,cut,hike,0.33459326010749174,0.27600172190995914,0.389405017982549,
fomc_20010515,2001-05-15,PanelB,B1_TFIDFLogit,2001-04-18,2001-05-15,cut,cut,0.48874016344918747,0.21710451495410057,0.2941553215967121,
fomc_20010627,2001-06-27,PanelB,B1_TFIDFLogit,2001-05-15,2001-06-27,cut,cut,0.44473761199574235,0.22922320594258722,0.3260391820616705,
fomc_20010821,2001-08-21,PanelB,B1_TFIDFLogit,2001-06-27,2001-08-21,cut,cut,0.5108466148881725,0.20833961758850314,0.28081376752332426,
fomc_20010917,2001-09-17,PanelB,B1_TFIDFLogit,2001-08-21,2001-09-17,cut,cut,0.5569632406662256,0.1911647952569448,0.25187196407682966,
fomc_20011002,2001-10-02,PanelB,B1_TFIDFLogit,2001-09-17,2001-10-02,cut,cut,0.5892870677472063,0.18230894309843798,0.22840398915435559,
fomc_20011106,2001-11-06,PanelB,B1_TFIDFLogit,2001-10-02,2001-11-06,cut,cut,0.626808923445734,0.15806445727216575,0.2151266192821003,
fomc_20011211,2001-12-11,PanelB,B1_TFIDFLogit,2001-11-06,2001-12-11,cut,cut,0.6414684610709419,0.1597637547621463,0.1987677841669117,
fomc_20020130,2002-01-30,PanelB,B1_TFIDFLogit,2001-12-11,2002-01-30,hold,cut,0.5916071420062351,0.16666048082815094,0.241732377165614,
fomc_20020319,2002-03-19,PanelB,B1_TFIDFLogit,2002-01-30,2002-03-19,hold,cut,0.4154354263948916,0.2816978179341829,0.3028667556709254,
fomc_20020507,2002-05-07,PanelB,B1_TFIDFLogit,2002-03-19,2002-05-07,hold,hold,0.3406589176974543,0.4077616261352703,0.2515794561672753,
fomc_20020626,2002-06-26,PanelB,B1_TFIDFLogit,2002-05-07,2002-06-26,hold,hold,0.30222512264728685,0.4768471051881738,0.2209277721645393,
fomc_20020813,2002-08-13,PanelB,B1_TFIDFLogit,2002-06-26,2002-08-13,hold,hold,0.38084641321716256,0.38724302233168534,0.23191056445115213,
fomc_20020924,2002-09-24,PanelB,B1_TFIDFLogit,2002-08-13,2002-09-24,hold,hold,0.32281564149138836,0.4748133875181421,0.20237097099046952,
fomc_20021106,2002-11-06,PanelB,B1_TFIDFLogit,2002-09-24,2002-11-06,cut,hold,0.35088583092004855,0.4468153174094471,0.2022988516705043,
fomc_20021210,2002-12-10,PanelB,B1_TFIDFLogit,2002-11-06,2002-12-10,hold,hold,0.3905233939171378,0.4302050561404334,0.17927154994242875,
fomc_20030129,2003-01-29,PanelB,B1_TFIDFLogit,2002-12-10,2003-01-29,hold,hold,0.37906824723812427,0.42793912148926605,0.1929926312726096,
fomc_20030318,2003-03-18,PanelB,B1_TFIDFLogit,2003-01-29,2003-03-18,hold,hold,0.27904010717519867,0.4628922233393824,0.25806766948541887,
fomc_20030506,2003-05-06,PanelB,B1_TFIDFLogit,2003-03-18,2003-05-06,hold,hold,0.30433729936645154,0.490127984944535,0.20553471568901344,
fomc_20030625,2003-06-25,PanelB,B1_TFIDFLogit,2003-05-06,2003-06-25,cut,hold,0.30547619509217216,0.4831990278240427,0.211324777083785,
fomc_20030812,2003-08-12,PanelB,B1_TFIDFLogit,2003-06-25,2003-08-12,hold,hold,0.3796109046818727,0.43391527766685634,0.18647381765127094,
fomc_20030916,2003-09-16,PanelB,B1_TFIDFLogit,2003-08-12,2003-09-16,hold,hold,0.3015939360812986,0.5273775287437004,0.171028535175001,
fomc_20031028,2003-10-28,PanelB,B1_TFIDFLogit,2003-09-16,2003-10-28,hold,hold,0.2435454539038934,0.6199330256785326,0.136521520417574,
fomc_20031209,2003-12-09,PanelB,B1_TFIDFLogit,2003-10-28,2003-12-09,hold,hold,0.24516574788261658,0.6225583202650135,0.13227593185236994,
fomc_20040128,2004-01-28,PanelB,B1_TFIDFLogit,2003-12-09,2004-01-28,hold,hold,0.2390172902311409,0.6214534528165621,0.13952925695229706,
fomc_20040316,2004-03-16,PanelB,B1_TFIDFLogit,2004-01-28,2004-03-16,hold,hold,0.2198162984488894,0.6247957440217832,0.15538795752932744,
fomc_20040504,2004-05-04,PanelB,B1_TFIDFLogit,2004-03-16,2004-05-04,hold,hold,0.22828770790481595,0.6400092562130227,0.13170303588216134,
fomc_20040630,2004-06-30,PanelB,B1_TFIDFLogit,2004-05-04,2004-06-30,hike,hold,0.21150304097779904,0.6422829735036606,0.14621398551854037,
fomc_20040810,2004-08-10,PanelB,B1_TFIDFLogit,2004-06-30,2004-08-10,hike,hold,0.24676833930355938,0.47851590233503205,0.27471575836140855,
fomc_20040921,2004-09-21,PanelB,B1_TFIDFLogit,2004-08-10,2004-09-21,hike,hold,0.23205325957720097,0.4061215767060973,0.3618251637167018,
fomc_20041110,2004-11-10,PanelB,B1_TFIDFLogit,2004-09-21,2004-11-10,hike,hike,0.20799585668265208,0.3376622186087311,0.45434192470861684,
fomc_20041214,2004-12-14,PanelB,B1_TFIDFLogit,2004-11-10,2004-12-14,hike,hike,0.17685504167272711,0.3013235400540972,0.5218214182731756,
fomc_20050202,2005-02-02,PanelB,B1_TFIDFLogit,2004-12-14,2005-02-02,hike,hike,0.15477896484453374,0.23191608525492646,0.6133049499005399,
fomc_20050322,2005-03-22,PanelB,B1_TFIDFLogit,2005-02-02,2005-03-22,hike,hike,0.23332982423618415,0.3144188141049656,0.4522513616588504,
fomc_20050503,2005-05-03,PanelB,B1_TFIDFLogit,2005-03-22,2005-05-03,hike,hike,0.22729253125466972,0.28603096063690325,0.4866765081084271,
fomc_20050630,2005-06-30,PanelB,B1_TFIDFLogit,2005-05-03,2005-06-30,hike,hike,0.1832682259320738,0.1989158553785135,0.6178159186894125,
fomc_20050809,2005-08-09,PanelB,B1_TFIDFLogit,2005-06-30,2005-08-09,hike,hike,0.17340426589793995,0.19927781172513426,0.6273179223769257,
fomc_20050920,2005-09-20,PanelB,B1_TFIDFLogit,2005-08-09,2005-09-20,hike,hike,0.26262544293660783,0.3061940544325952,0.431180502630797,
fomc_20051101,2005-11-01,PanelB,B1_TFIDFLogit,2005-09-20,2005-11-01,hike,hike,0.19799891041607534,0.24402831474195727,0.5579727748419675,
fomc_20051213,2005-12-13,PanelB,B1_TFIDFLogit,2005-11-01,2005-12-13,hike,hike,0.16819419592833001,0.24542571761988174,0.5863800864517883,
fomc_20060131,2006-01-31,PanelB,B1_TFIDFLogit,2005-12-13,2006-01-31,hike,hike,0.1800271622623409,0.226773317065579,0.59319952067208,
fomc_20060328,2006-03-28,PanelB,B1_TFIDFLogit,2006-01-31,2006-03-28,hike,hike,0.18898590991871841,0.2652203406960054,0.5457937493852761,
fomc_20060510,2006-05-10,PanelB,B1_TFIDFLogit,2006-03-28,2006-05-10,hike,hike,0.17570030039123485,0.24075752915124135,0.5835421704575239,
fomc_20060629,2006-06-29,PanelB,B1_TFIDFLogit,2006-05-10,2006-06-29,hike,hike,0.17460344126253552,0.27035339548662357,0.555043163250841,
fomc_20060808,2006-08-08,PanelB,B1_TFIDFLogit,2006-06-29,2006-08-08,hold,hike,0.19029710555361418,0.24726221475872573,0.5624406796876601,
fomc_20060920,2006-09-20,PanelB,B1_TFIDFLogit,2006-08-08,2006-09-20,hold,hike,0.18274274255399633,0.3950832364750027,0.422174020971001,
fomc_20061025,2006-10-25,PanelB,B1_TFIDFLogit,2006-09-20,2006-10-25,hold,hold,0.16479251037724066,0.5254078311833038,0.3097996584394555,
fomc_20061212,2006-12-12,PanelB,B1_TFIDFLogit,2006-10-25,2006-12-12,hold,hold,0.1307284046786815,0.6221316900911339,0.2471399052301846,
fomc_20070131,2007-01-31,PanelB,B1_TFIDFLogit,2006-12-12,2007-01-31,hold,hold,0.14450835846712795,0.5133869527802906,0.34210468875258143,
fomc_20070321,2007-03-21,PanelB,B1_TFIDFLogit,2007-01-31,2007-03-21,hold,hold,0.15140257768685972,0.5270242109935575,0.3215732113195827,
fomc_20070509,2007-05-09,PanelB,B1_TFIDFLogit,2007-03-21,2007-05-09,hold,hold,0.14507954946706597,0.5987746450382576,0.25614580549467636,
fomc_20070618,2007-06-18,PanelB,B1_TFIDFLogit,2007-05-09,2007-06-18,hold,hold,0.12634983381870382,0.6245225075535479,0.2491276586277483,
fomc_20070807,2007-08-07,PanelB,B1_TFIDFLogit,2007-06-18,2007-08-07,hold,hold,0.1301380640880263,0.6420023113243746,0.2278596245875991,
fomc_20070810,2007-08-10,PanelB,B1_TFIDFLogit,2007-08-07,2007-08-10,hold,hike,0.21641166365416215,0.3757985238153285,0.40778981253050933,
fomc_20070817,2007-08-17,PanelB,B1_TFIDFLogit,2007-08-10,2007-08-17,hold,hold,0.185213634680282,0.4958438122925803,0.3189425530271378,
fomc_20070918,2007-09-18,PanelB,B1_TFIDFLogit,2007-08-17,2007-09-18,cut,hold,0.1652449137372877,0.5423133909887876,0.29244169527392466,
fomc_20071031,2007-10-31,PanelB,B1_TFIDFLogit,2007-09-18,2007-10-31,cut,hike,0.23074109274643023,0.35412025628081745,0.4151386509727524,
fomc_20071211,2007-12-11,PanelB,B1_TFIDFLogit,2007-10-31,2007-12-11,cut,cut,0.39919225581297324,0.29675761273773427,0.3040501314492926,
fomc_20080122,2008-01-22,PanelB,B1_TFIDFLogit,2007-12-11,2008-01-22,cut,hold,0.31197757364241635,0.3681218905779905,0.31990053577959326,
fomc_20080130,2008-01-30,PanelB,B1_TFIDFLogit,2008-01-22,2008-01-30,cut,cut,0.37372702906450805,0.3494319298973661,0.2768410410381258,
fomc_20080311,2008-03-11,PanelB,B1_TFIDFLogit,2008-01-30,2008-03-11,hold,hold,0.27385150261057023,0.41564752443990394,0.31050097294952583,
fomc_20080318,2008-03-18,PanelB,B1_TFIDFLogit,2008-03-11,2008-03-18,cut,cut,0.39396806843441784,0.36028697244376406,0.24574495912181812,
fomc_20080430,2008-04-30,PanelB,B1_TFIDFLogit,2008-03-18,2008-04-30,cut,cut,0.5023186207125837,0.2421995148410807,0.2554818644463356,
fomc_20080625,2008-06-25,PanelB,B1_TFIDFLogit,2008-04-30,2008-06-25,hold,cut,0.4453559262095291,0.2797162597279662,0.2749278140625046,
fomc_20080805,2008-08-05,PanelB,B1_TFIDFLogit,2008-06-25,2008-08-05,hold,hold,0.3432402672530904,0.4084276692085054,0.24833206353840415,
fomc_20080916,2008-09-16,PanelB,B1_TFIDFLogit,2008-08-05,2008-09-16,hold,hold,0.2937174543954505,0.49923740029573727,0.2070451453088122,
fomc_20081008,2008-10-08,PanelB,B1_TFIDFLogit,2008-09-16,2008-10-08,cut,hold,0.27650496426189586,0.47383642884776284,0.24965860689034142,
fomc_20081029,2008-10-29,PanelB,B1_TFIDFLogit,2008-10-08,2008-10-29,cut,cut,0.37912987218875216,0.3549419380797224,0.2659281897315255,
fomc_20081216,2008-12-16,PanelB,B1_TFIDFLogit,2008-10-29,2008-12-16,cut,hold,0.2955827282980495,0.49196245357806595,0.2124548181238845,
fomc_20090128,2009-01-28,PanelB,B1_TFIDFLogit,2008-12-16,2009-01-28,hold,cut,0.4147087446044325,0.3783716751045396,0.20691958029102783,
fomc_20090318,2009-03-18,PanelB,B1_TFIDFLogit,2009-01-28,2009-03-18,hold,hold,0.311654292115065,0.42416442965212464,0.2641812782328104,
fomc_20090429,2009-04-29,PanelB,B1_TFIDFLogit,2009-03-18,2009-04-29,hold,hold,0.23750486781871408,0.554936814128057,0.207558318053229,
fomc_20090624,2009-06-24,PanelB,B1_TFIDFLogit,2009-04-29,2009-06-24,hold,hold,0.2747173225488691,0.45662970763724414,0.26865296981388687,
fomc_20090812,2009-08-12,PanelB,B1_TFIDFLogit,2009-06-24,2009-08-12,hold,hold,0.20428236899803906,0.6031599466226486,0.19255768437931228,
fomc_20090923,2009-09-23,PanelB,B1_TFIDFLogit,2009-08-12,2009-09-23,hold,hold,0.20192170046744234,0.6067728375204,0.19130546201215762,
fomc_20091104,2009-11-04,PanelB,B1_TFIDFLogit,2009-09-23,2009-11-04,hold,hold,0.17132461682268274,0.6623139115228537,0.16636147165446363,
fomc_20091216,2009-12-16,PanelB,B1_TFIDFLogit,2009-11-04,2009-12-16,hold,hold,0.22773735462402392,0.5869494101745599,0.1853132352014162,
fomc_20100127,2010-01-27,PanelB,B1_TFIDFLogit,2009-12-16,2010-01-27,hold,hold,0.23074185128378466,0.5768161674438628,0.19244198127235268,
fomc_20100316,2010-03-16,PanelB,B1_TFIDFLogit,2010-01-27,2010-03-16,hold,hold,0.20352808537199,0.6173946271496733,0.17907728747833673,
fomc_20100428,2010-04-28,PanelB,B1_TFIDFLogit,2010-03-16,2010-04-28,hold,hold,0.17629789924519884,0.6622502573545546,0.16145184340024654,
fomc_20100509,2010-05-09,PanelB,B1_TFIDFLogit,2010-04-28,2010-05-09,hold,hold,0.28537321106695035,0.5148505814420467,0.19977620749100297,
fomc_20100623,2010-06-23,PanelB,B1_TFIDFLogit,2010-05-09,2010-06-23,hold,hold,0.20548125112518406,0.604146954367433,0.19037179450738295,
fomc_20100810,2010-08-10,PanelB,B1_TFIDFLogit,2010-06-23,2010-08-10,hold,hold,0.17397471685045673,0.6643250213043141,0.1617002618452292,
fomc_20100921,2010-09-21,PanelB,B1_TFIDFLogit,2010-08-10,2010-09-21,hold,hold,0.1580701722182674,0.6872153194931033,0.15471450828862937,
fomc_20101103,2010-11-03,PanelB,B1_TFIDFLogit,2010-09-21,2010-11-03,hold,hold,0.17269641699121702,0.6691509705775601,0.15815261243122283,
fomc_20101214,2010-12-14,PanelB,B1_TFIDFLogit,2010-11-03,2010-12-14,hold,hold,0.14075034836750977,0.7237265994432373,0.13552305218925292,
fomc_20110126,2011-01-26,PanelB,B1_TFIDFLogit,2010-12-14,2011-01-26,hold,hold,0.13277782146025374,0.7436582722222715,0.12356390631747481,
fomc_20110315,2011-03-15,PanelB,B1_TFIDFLogit,2011-01-26,2011-03-15,hold,hold,0.16016817497580002,0.7054202934072564,0.13441153161694352,
fomc_20110427,2011-04-27,PanelB,B1_TFIDFLogit,2011-03-15,2011-04-27,hold,hold,0.13704503984294059,0.7326411522030125,0.13031380795404696,
fomc_20110622,2011-06-22,PanelB,B1_TFIDFLogit,2011-04-27,2011-06-22,hold,hold,0.15845536063324345,0.7087230783291723,0.13282156103758425,
fomc_20110809,2011-08-09,PanelB,B1_TFIDFLogit,2011-06-22,2011-08-09,hold,hold,0.15847133497801058,0.7189436469490177,0.12258501807297172,
fomc_20110921,2011-09-21,PanelB,B1_TFIDFLogit,2011-08-09,2011-09-21,hold,hold,0.13469900910263652,0.75991055197176,0.10539043892560349,
fomc_20111102,2011-11-02,PanelB,B1_TFIDFLogit,2011-09-21,2011-11-02,hold,hold,0.1207406338880311,0.7840152553219769,0.095244110789992,
fomc_20111213,2011-12-13,PanelB,B1_TFIDFLogit,2011-11-02,2011-12-13,hold,hold,0.09952493608749269,0.810939084874144,0.08953597903836336,
fomc_20120125,2012-01-25,PanelB,B1_TFIDFLogit,2011-12-13,2012-01-25,hold,hold,0.11252768892062255,0.7828438388120614,0.10462847226731611,
fomc_20120313,2012-03-13,PanelB,B1_TFIDFLogit,2012-01-25,2012-03-13,hold,hold,0.10634522805879322,0.7972441867083153,0.0964105852328915,
fomc_20120425,2012-04-25,PanelB,B1_TFIDFLogit,2012-03-13,2012-04-25,hold,hold,0.10035928301405078,0.8026075957141529,0.09703312127179636,
fomc_20120620,2012-06-20,PanelB,B1_TFIDFLogit,2012-04-25,2012-06-20,hold,hold,0.08863656658872895,0.8249639334673138,0.08639949994395721,
fomc_20120801,2012-08-01,PanelB,B1_TFIDFLogit,2012-06-20,2012-08-01,hold,hold,0.08257331446132432,0.8385332091291292,0.07889347640954647,
fomc_20120913,2012-09-13,PanelB,B1_TFIDFLogit,2012-08-01,2012-09-13,hold,hold,0.12574394359531388,0.7623947167626338,0.11186133964205223,
fomc_20121024,2012-10-24,PanelB,B1_TFIDFLogit,2012-09-13,2012-10-24,hold,hold,0.11256013567763533,0.7874959162348703,0.09994394808749425,
fomc_20121212,2012-12-12,PanelB,B1_TFIDFLogit,2012-10-24,2012-12-12,hold,hold,0.10032160830261128,0.8078676902966647,0.09181070140072399,
fomc_20130130,2013-01-30,PanelB,B1_TFIDFLogit,2012-12-12,2013-01-30,hold,hold,0.08560659683479031,0.8376119711817095,0.07678143198350035,
fomc_20130320,2013-03-20,PanelB,B1_TFIDFLogit,2013-01-30,2013-03-20,hold,hold,0.0910879498333603,0.8301733802270861,0.07873866993955364,
fomc_20130501,2013-05-01,PanelB,B1_TFIDFLogit,2013-03-20,2013-05-01,hold,hold,0.0789094978809455,0.844774670437434,0.07631583168162055,
fomc_20130619,2013-06-19,PanelB,B1_TFIDFLogit,2013-05-01,2013-06-19,hold,hold,0.0731257675076468,0.8589525577267731,0.06792167476557998,
fomc_20130731,2013-07-31,PanelB,B1_TFIDFLogit,2013-06-19,2013-07-31,hold,hold,0.07570305241091549,0.8572656000175641,0.06703134757152034,
fomc_20130918,2013-09-18,PanelB,B1_TFIDFLogit,2013-07-31,2013-09-18,hold,hold,0.08516341853690654,0.8431768527493031,0.0716597287137905,
fomc_20131030,2013-10-30,PanelB,B1_TFIDFLogit,2013-09-18,2013-10-30,hold,hold,0.07177096679844942,0.8635349637185359,0.06469406948301455,
fomc_20131218,2013-12-18,PanelB,B1_TFIDFLogit,2013-10-30,2013-12-18,hold,hold,0.06884341934236105,0.8752480426489816,0.05590853800865739,
fomc_20140129,2014-01-29,PanelB,B1_TFIDFLogit,2013-12-18,2014-01-29,hold,hold,0.06733941060177379,0.8763047277447146,0.05635586165351163,
fomc_20140319,2014-03-19,PanelB,B1_TFIDFLogit,2014-01-29,2014-03-19,hold,hold,0.06641447698515054,0.874943341140373,0.05864218187447643,
fomc_20140430,2014-04-30,PanelB,B1_TFIDFLogit,2014-03-19,2014-04-30,hold,hold,0.0659532095595662,0.8739170478119197,0.060129742628514136,
fomc_20140618,2014-06-18,PanelB,B1_TFIDFLogit,2014-04-30,2014-06-18,hold,hold,0.06150330530591444,0.8828994362950482,0.05559725839903747,
fomc_20140730,2014-07-30,PanelB,B1_TFIDFLogit,2014-06-18,2014-07-30,hold,hold,0.05997193313509582,0.8873274248893935,0.052700641975510595,
fomc_20140917,2014-09-17,PanelB,B1_TFIDFLogit,2014-07-30,2014-09-17,hold,hold,0.05617852445583831,0.896733647538314,0.047087828005847626,
fomc_20141029,2014-10-29,PanelB,B1_TFIDFLogit,2014-09-17,2014-10-29,hold,hold,0.06720971268824066,0.8705195809352307,0.0622707063765285,
fomc_20141217,2014-12-17,PanelB,B1_TFIDFLogit,2014-10-29,2014-12-17,hold,hold,0.0718617044192829,0.8667471055055329,0.06139119007518412,
fomc_20150128,2015-01-28,PanelB,B1_TFIDFLogit,2014-12-17,2015-01-28,hold,hold,0.07177700202406058,0.8637314452676511,0.06449155270828834,
fomc_20150318,2015-03-18,PanelB,B1_TFIDFLogit,2015-01-28,2015-03-18,hold,hold,0.0670427266865082,0.8735866484202534,0.05937062489323846,
fomc_20150429,2015-04-29,PanelB,B1_TFIDFLogit,2015-03-18,2015-04-29,hold,hold,0.06906264852662426,0.8683876034345289,0.06254974803884673,
fomc_20150617,2015-06-17,PanelB,B1_TFIDFLogit,2015-04-29,2015-06-17,hold,hold,0.0578821742374463,0.8889650047485488,0.053152821014004814,
fomc_20150729,2015-07-29,PanelB,B1_TFIDFLogit,2015-06-17,2015-07-29,hold,hold,0.05693598246661117,0.8913607326486553,0.05170328488473355,
fomc_20150917,2015-09-17,PanelB,B1_TFIDFLogit,2015-07-29,2015-09-17,hold,hold,0.058887058404117364,0.8922682939184007,0.04884464767748199,
fomc_20151028,2015-10-28,PanelB,B1_TFIDFLogit,2015-09-17,2015-10-28,hold,hold,0.04901434177388623,0.908144491882772,0.042841166343341806,
fomc_20151216,2015-12-16,PanelB,B1_TFIDFLogit,2015-10-28,2015-12-16,hike,hold,0.06917812164712664,0.8697401746539659,0.06108170369890743,
fomc_20160127,2016-01-27,PanelB,B1_TFIDFLogit,2015-12-16,2016-01-27,hold,hold,0.09094934302952785,0.7652293160404702,0.14382134093000187,
fomc_20160316,2016-03-16,PanelB,B1_TFIDFLogit,2016-01-27,2016-03-16,hold,hold,0.0920143698993233,0.7645381291088386,0.14344750099183803,
fomc_20160427,2016-04-27,PanelB,B1_TFIDFLogit,2016-03-16,2016-04-27,hold,hold,0.08462012026355431,0.7892314475077955,0.12614843222865021,
fomc_20160615,2016-06-15,PanelB,B1_TFIDFLogit,2016-04-27,2016-06-15,hold,hold,0.0713432033109409,0.8226798720684475,0.10597692462061159,
fomc_20160727,2016-07-27,PanelB,B1_TFIDFLogit,2016-06-15,2016-07-27,hold,hold,0.07061573212886417,0.8293265364065919,0.10005773146454387,
fomc_20160921,2016-09-21,PanelB,B1_TFIDFLogit,2016-07-27,2016-09-21,hold,hold,0.06448266025955862,0.8465233325246106,0.08899400721583074,
fomc_20161102,2016-11-02,PanelB,B1_TFIDFLogit,2016-09-21,2016-11-02,hold,hold,0.060785379330549484,0.8592981408653911,0.07991647980405937,
fomc_20161214,2016-12-14,PanelB,B1_TFIDFLogit,2016-11-02,2016-12-14,hike,hold,0.05428530520926129,0.8717804874370092,0.07393420735372949,
fomc_20170201,2017-02-01,PanelB,B1_TFIDFLogit,2016-12-14,2017-02-01,hold,hold,0.057284843239118886,0.8379927348225842,0.10472242193829688,
fomc_20170315,2017-03-15,PanelB,B1_TFIDFLogit,2017-02-01,2017-03-15,hold,hold,0.05740785496759366,0.8440521871519542,0.0985399578804522,
fomc_20170503,2017-05-03,PanelB,B1_TFIDFLogit,2017-03-15,2017-05-03,hold,hold,0.056041559041786364,0.8542171245992525,0.08974131635896118,
fomc_20170614,2017-06-14,PanelB,B1_TFIDFLogit,2017-05-03,2017-06-14,hold,hold,0.05776378413734264,0.850278192908363,0.09195802295429431,
fomc_20170726,2017-07-26,PanelB,B1_TFIDFLogit,2017-06-14,2017-07-26,hold,hold,0.05804757108181318,0.8600700613551464,0.08188236756304056,
fomc_20170920,2017-09-20,PanelB,B1_TFIDFLogit,2017-07-26,2017-09-20,hold,hold,0.06887796494917342,0.8360378774391478,0.09508415761167886,
fomc_20171101,2017-11-01,PanelB,B1_TFIDFLogit,2017-09-20,2017-11-01,hold,hold,0.06834254729630376,0.8417276625572349,0.08992979014646126,
fomc_20171213,2017-12-13,PanelB,B1_TFIDFLogit,2017-11-01,2017-12-13,hold,hold,0.06347790473102369,0.844411503023903,0.09211059224507334,
fomc_20180131,2018-01-31,PanelB,B1_TFIDFLogit,2017-12-13,2018-01-31,hold,hold,0.0620768987704818,0.8530618953683641,0.08486120586115417,
fomc_20180321,2018-03-21,PanelB,B1_TFIDFLogit,2018-01-31,2018-03-21,hold,hold,0.056386514222269896,0.8647476205402347,0.07886586523749539,
fomc_20180502,2018-05-02,PanelB,B1_TFIDFLogit,2018-03-21,2018-05-02,hold,hold,0.05060596607868283,0.8756353850792629,0.07375864884205434,
fomc_20180613,2018-06-13,PanelB,B1_TFIDFLogit,2018-05-02,2018-06-13,hold,hold,0.08295429769234448,0.8132273207721517,0.10381838153550374,
fomc_20180801,2018-08-01,PanelB,B1_TFIDFLogit,2018-06-13,2018-08-01,hold,hold,0.0782594337924044,0.8297489813596723,0.09199158484792329,
fomc_20180926,2018-09-26,PanelB,B1_TFIDFLogit,2018-08-01,2018-09-26,hold,hold,0.07034974623267742,0.8490310009187666,0.080619252848556,
fomc_20181108,2018-11-08,PanelB,B1_TFIDFLogit,2018-09-26,2018-11-08,hold,hold,0.06859174717950191,0.8487064061040835,0.08270184671641467,
fomc_20181219,2018-12-19,PanelB,B1_TFIDFLogit,2018-11-08,2018-12-19,hold,hold,0.06314221363241737,0.8607545542912217,0.0761032320763609,
fomc_20190130,2019-01-30,PanelB,B1_TFIDFLogit,2018-12-19,2019-01-30,hold,hold,0.05659335505580495,0.8682229874033934,0.07518365754080161,
fomc_20190320,2019-03-20,PanelB,B1_TFIDFLogit,2019-01-30,2019-03-20,hold,hold,0.0764677644508995,0.8305282222993211,0.09300401324977939,
fomc_20190501,2019-05-01,PanelB,B1_TFIDFLogit,2019-03-20,2019-05-01,hold,hold,0.058699704240197305,0.8719904325883329,0.06930986317146992,
fomc_20190619,2019-06-19,PanelB,B1_TFIDFLogit,2019-05-01,2019-06-19,hold,hold,0.047653029722403775,0.8926463369126441,0.059700633364952245,
fomc_20190731,2019-07-31,PanelB,B1_TFIDFLogit,2019-06-19,2019-07-31,hold,hold,0.04276416453571603,0.9053875550283461,0.05184828043593798,
fomc_20190918,2019-09-18,PanelB,B1_TFIDFLogit,2019-07-31,2019-09-18,hold,hold,0.050962570401848366,0.8930137885955912,0.05602364100256032,
fomc_20191011,2019-10-11,PanelB,B1_TFIDFLogit,2019-09-18,2019-10-11,hold,hold,0.1062700159526958,0.7759524717254253,0.11777751232187898,
fomc_20191030,2019-10-30,PanelB,B1_TFIDFLogit,2019-10-11,2019-10-30,hold,hold,0.043196709505368906,0.9069592441449004,0.049844046349730754,
fomc_20191211,2019-12-11,PanelB,B1_TFIDFLogit,2019-10-30,2019-12-11,hold,hold,0.04617316515563811,0.9015314126089161,0.052295422235445775,
fomc_20200129,2020-01-29,PanelB,B1_TFIDFLogit,2019-12-11,2020-01-29,hold,hold,0.03984045295073696,0.9142402630836849,0.04591928396557817,
fomc_20200303,2020-03-03,PanelB,B1_TFIDFLogit,2020-01-29,2020-03-03,hold,hold,0.13518230583132718,0.714920904877109,0.14989678929156391,
fomc_20200315,2020-03-15,PanelB,B1_TFIDFLogit,2020-03-03,2020-03-15,hold,hold,0.08172928262571716,0.8499535997705755,0.06831711760370734,
fomc_20200319,2020-03-19,PanelB,B1_TFIDFLogit,2020-03-15,2020-03-19,hold,hold,0.14912983762027307,0.7432807126514506,0.10758944972827632,
fomc_20200323,2020-03-23,PanelB,B1_TFIDFLogit,2020-03-19,2020-03-23,hold,hold,0.09196971453742722,0.8162761887303995,0.0917540967321733,
fomc_20200331,2020-03-31,PanelB,B1_TFIDFLogit,2020-03-23,2020-03-31,hold,hold,0.14015578409317692,0.746866497076806,0.1129777188300172,
fomc_20200429,2020-04-29,PanelB,B1_TFIDFLogit,2020-03-31,2020-04-29,hold,hold,0.1292698472358823,0.7612462208449782,0.10948393191913959,
fomc_20200610,2020-06-10,PanelB,B1_TFIDFLogit,2020-04-29,2020-06-10,hold,hold,0.10034189286707185,0.808645333761875,0.09101277337105314,
fomc_20200729,2020-07-29,PanelB,B1_TFIDFLogit,2020-06-10,2020-07-29,hold,hold,0.08660782035834327,0.835170536713247,0.0782216429284097,
fomc_20200916,2020-09-16,PanelB,B1_TFIDFLogit,2020-07-29,2020-09-16,hold,hold,0.08706968980173543,0.8293778317852067,0.0835524784130579,
fomc_20201105,2020-11-05,PanelB,B1_TFIDFLogit,2020-09-16,2020-11-05,hold,hold,0.07890769415033223,0.8447787915907956,0.07631351425887212,
fomc_20201216,2020-12-16,PanelB,B1_TFIDFLogit,2020-11-05,2020-12-16,hold,hold,0.07430727376983211,0.8528298374715695,0.07286288875859849,
fomc_20210127,2021-01-27,PanelB,B1_TFIDFLogit,2020-12-16,2021-01-27,hold,hold,0.07214755200956902,0.8596292160094549,0.06822323198097614,
fomc_20210317,2021-03-17,PanelB,B1_TFIDFLogit,2021-01-27,2021-03-17,hold,hold,0.06684717586455649,0.8733767421484208,0.05977608198702263,
fomc_20210428,2021-04-28,PanelB,B1_TFIDFLogit,2021-03-17,2021-04-28,hold,hold,0.06678889313558531,0.8700599575075154,0.06315114935689932,
fomc_20210616,2021-06-16,PanelB,B1_TFIDFLogit,2021-04-28,2021-06-16,hold,hold,0.06662896341077815,0.8700801444888492,0.06329089210037271,
fomc_20210728,2021-07-28,PanelB,B1_TFIDFLogit,2021-06-16,2021-07-28,hold,hold,0.06085983832524639,0.8811822439716936,0.0579579177030599,
fomc_20210922,2021-09-22,PanelB,B1_TFIDFLogit,2021-07-28,2021-09-22,hold,hold,0.056546268644591474,0.8864352382926781,0.05701849306273026,
fomc_20211103,2021-11-03,PanelB,B1_TFIDFLogit,2021-09-22,2021-11-03,hold,hold,0.06116242540598465,0.8754109500566357,0.06342662453737975,
fomc_20211215,2021-12-15,PanelB,B1_TFIDFLogit,2021-11-03,2021-12-15,hold,hold,0.05517098742998608,0.8900785203866565,0.054750492183357445,
fomc_20220126,2022-01-26,PanelB,B1_TFIDFLogit,2021-12-15,2022-01-26,hold,hold,0.05858869076375264,0.8820572244968111,0.05935408473943629,
fomc_20220316,2022-03-16,PanelB,B1_TFIDFLogit,2022-01-26,2022-03-16,hold,hold,0.058440177865931295,0.8737568092973387,0.06780301283673001,
fomc_20220504,2022-05-04,PanelB,B1_TFIDFLogit,2022-03-16,2022-05-04,hold,hold,0.06390280887923501,0.8684821050948534,0.06761508602591164,
fomc_20220615,2022-06-15,PanelB,B1_TFIDFLogit,2022-05-04,2022-06-15,hold,hold,0.06081788281183384,0.8627276520932502,0.07645446509491585,
fomc_20220727,2022-07-27,PanelB,B1_TFIDFLogit,2022-06-15,2022-07-27,hold,hold,0.06011425716851504,0.8753704749590332,0.06451526787245167,
fomc_20220921,2022-09-21,PanelB,B1_TFIDFLogit,2022-07-27,2022-09-21,hold,hold,0.055667798683211527,0.8826839334183714,0.061648267898417076,
fomc_20221102,2022-11-02,PanelB,B1_TFIDFLogit,2022-09-21,2022-11-02,hold,hold,0.05300494972616832,0.8888018013071591,0.05819324896667249,
fomc_20221214,2022-12-14,PanelB,B1_TFIDFLogit,2022-11-02,2022-12-14,hold,hold,0.05016419220276786,0.8933223399500898,0.056513467847142375,
fomc_20230201,2023-02-01,PanelB,B1_TFIDFLogit,2022-12-14,2023-02-01,hold,hold,0.04916954823019146,0.8953208027787373,0.055509648991071296,
fomc_20230322,2023-03-22,PanelB,B1_TFIDFLogit,2023-02-01,2023-03-22,hold,hold,0.053639616619797555,0.8943675432517858,0.05199284012841669,
fomc_20230503,2023-05-03,PanelB,B1_TFIDFLogit,2023-03-22,2023-05-03,hold,hold,0.04378078220555666,0.9113860132540013,0.0448332045404421,
fomc_20230614,2023-06-14,PanelB,B1_TFIDFLogit,2023-05-03,2023-06-14,hold,hold,0.04153169781018728,0.9131480959382566,0.045320206251556173,
fomc_20230726,2023-07-26,PanelB,B1_TFIDFLogit,2023-06-14,2023-07-26,hold,hold,0.04020911118076342,0.9165656083238111,0.043225280495425546,
fomc_20230920,2023-09-20,PanelB,B1_TFIDFLogit,2023-07-26,2023-09-20,hold,hold,0.04025600946639578,0.9159656798177652,0.04377831071583902,
fomc_20231101,2023-11-01,PanelB,B1_TFIDFLogit,2023-09-20,2023-11-01,hold,hold,0.040804385395093346,0.9190349167441931,0.04016069786071361,
fomc_20231213,2023-12-13,PanelB,B1_TFIDFLogit,2023-11-01,2023-12-13,hold,hold,0.039334597872235595,0.9214431138404939,0.03922228828727056,
fomc_20240131,2024-01-31,PanelB,B1_TFIDFLogit,2023-12-13,2024-01-31,hold,hold,0.02988635932920112,0.9372583632234723,0.032855277447326595,
fomc_20240320,2024-03-20,PanelB,B1_TFIDFLogit,2024-01-31,2024-03-20,hold,hold,0.026240656841969714,0.9427931143139718,0.030966228844058523,
fomc_20240501,2024-05-01,PanelB,B1_TFIDFLogit,2024-03-20,2024-05-01,hold,hold,0.027210695636069683,0.9405931790334676,0.03219612533046264,
fomc_20240612,2024-06-12,PanelB,B1_TFIDFLogit,2024-05-01,2024-06-12,hold,hold,0.026049926890867485,0.9432562411617245,0.030693831947408132,
fomc_20240731,2024-07-31,PanelB,B1_TFIDFLogit,2024-06-12,2024-07-31,hold,hold,0.027864709328366186,0.9395515470431076,0.03258374362852624,
fomc_20240918,2024-09-18,PanelB,B1_TFIDFLogit,2024-07-31,2024-09-18,hold,hold,0.02683355214975008,0.9424303140972986,0.03073613375295125,
fomc_20241107,2024-11-07,PanelB,B1_TFIDFLogit,2024-09-18,2024-11-07,hold,hold,0.02606251221708516,0.9425146198392155,0.03142286794369939,
fomc_20241218,2024-12-18,PanelB,B1_TFIDFLogit,2024-11-07,2024-12-18,hold,hold,0.025179483549965458,0.9448179113135671,0.030002605136467422,
fomc_20250129,2025-01-29,PanelB,B1_TFIDFLogit,2024-12-18,2025-01-29,hold,hold,0.023297742721233698,0.9489834680408508,0.02771878923791561,
fomc_20250319,2025-03-19,PanelB,B1_TFIDFLogit,2025-01-29,2025-03-19,hold,hold,0.02268622439685483,0.9503620873641038,0.026951688239041458,
fomc_20250507,2025-05-07,PanelB,B1_TFIDFLogit,2025-03-19,2025-05-07,hold,hold,0.027970872833723643,0.940602911035391,0.0314262161308855,
fomc_20250618,2025-06-18,PanelB,B1_TFIDFLogit,2025-05-07,2025-06-18,hold,hold,0.024832088163284798,0.9467568664350878,0.028411045401627314,
fomc_20250730,2025-07-30,PanelB,B1_TFIDFLogit,2025-06-18,2025-07-30,hold,hold,0.028475243341836657,0.9417581246897979,0.029766631968365563,
fomc_20250917,2025-09-17,PanelB,B1_TFIDFLogit,2025-07-30,2025-09-17,hold,hold,0.027092279208301144,0.9462908720271088,0.0266168487645899,
fomc_20251029,2025-10-29,PanelB,B1_TFIDFLogit,2025-09-17,2025-10-29,hold,hold,0.024974060116765475,0.9476591745940764,0.0273667652891581,
fomc_20251210,2025-12-10,PanelB,B1_TFIDFLogit,2025-10-29,2025-12-10,hold,hold,0.027892100804711623,0.9403576463918316,0.0317502528034569,
fomc_20260128,2026-01-28,PanelB,B1_TFIDFLogit,2025-12-10,2026-01-28,hold,hold,0.020399820289457634,0.9576212735251264,0.02197890618541597,
fomc_20260318,2026-03-18,PanelB,B1_TFIDFLogit,2026-01-28,2026-03-18,hold,hold,0.018837303091791987,0.9607606354517857,0.02040206145642241,
fomc_20000822,2000-08-22,PanelB,B2_EmbeddingLinear,2000-06-28,2000-08-22,hold,hike,0.2122251972121397,0.23200433518918356,0.5557704675986767,
fomc_20001003,2000-10-03,PanelB,B2_EmbeddingLinear,2000-08-22,2000-10-03,hold,hike,0.20267419669232234,0.2988082610445152,0.4985175422631626,
fomc_20001115,2000-11-15,PanelB,B2_EmbeddingLinear,2000-10-03,2000-11-15,hold,hike,0.19050140800507528,0.36590383617326083,0.443594755821664,
fomc_20001219,2000-12-19,PanelB,B2_EmbeddingLinear,2000-11-15,2000-12-19,hold,hike,0.1887471729858622,0.3947295674517093,0.41652325956242864,
fomc_20010103,2001-01-03,PanelB,B2_EmbeddingLinear,2000-12-19,2001-01-03,cut,hike,0.14600238504378343,0.31103694700384105,0.5429606679523756,
fomc_20010131,2001-01-31,PanelB,B2_EmbeddingLinear,2001-01-03,2001-01-31,cut,hike,0.22695526711672864,0.29716705077465727,0.47587768210861403,
fomc_20010320,2001-03-20,PanelB,B2_EmbeddingLinear,2001-01-31,2001-03-20,cut,hike,0.2565670713519635,0.31294992460476057,0.430483004043276,
fomc_20010418,2001-04-18,PanelB,B2_EmbeddingLinear,2001-03-20,2001-04-18,cut,hike,0.3203067718470223,0.30460335936445637,0.3750898687885214,
fomc_20010515,2001-05-15,PanelB,B2_EmbeddingLinear,2001-04-18,2001-05-15,cut,cut,0.4073765182935626,0.2322718205793723,0.36035166112706507,
fomc_20010627,2001-06-27,PanelB,B2_EmbeddingLinear,2001-05-15,2001-06-27,cut,cut,0.41796672338503976,0.22876578290654562,0.35326749370841465,
fomc_20010821,2001-08-21,PanelB,B2_EmbeddingLinear,2001-06-27,2001-08-21,cut,cut,0.4726133415434269,0.18613607426959955,0.3412505841869735,
fomc_20010917,2001-09-17,PanelB,B2_EmbeddingLinear,2001-08-21,2001-09-17,cut,cut,0.5187553585060741,0.17234439938293397,0.3089002421109919,
fomc_20011002,2001-10-02,PanelB,B2_EmbeddingLinear,2001-09-17,2001-10-02,cut,cut,0.5939735157521816,0.1512231286219466,0.2548033556258717,
fomc_20011106,2001-11-06,PanelB,B2_EmbeddingLinear,2001-10-02,2001-11-06,cut,cut,0.5805478568080576,0.16924596437183118,0.25020617882011104,
fomc_20011211,2001-12-11,PanelB,B2_EmbeddingLinear,2001-11-06,2001-12-11,cut,cut,0.5975973570850295,0.15573948522219966,0.24666315769277083,
fomc_20020130,2002-01-30,PanelB,B2_EmbeddingLinear,2001-12-11,2002-01-30,hold,cut,0.5253602800937475,0.2414644306150284,0.23317528929122405,
fomc_20020319,2002-03-19,PanelB,B2_EmbeddingLinear,2002-01-30,2002-03-19,hold,cut,0.43476630817081136,0.3404217369596502,0.2248119548695384,
fomc_20020507,2002-05-07,PanelB,B2_EmbeddingLinear,2002-03-19,2002-05-07,hold,hold,0.3879470948723037,0.4006775553908658,0.2113753497368305,
fomc_20020626,2002-06-26,PanelB,B2_EmbeddingLinear,2002-05-07,2002-06-26,hold,hold,0.3333103037035715,0.4758300456846962,0.19085965061173232,
fomc_20020813,2002-08-13,PanelB,B2_EmbeddingLinear,2002-06-26,2002-08-13,hold,hold,0.33890105627298445,0.4788683571833552,0.1822305865436604,
fomc_20020924,2002-09-24,PanelB,B2_EmbeddingLinear,2002-08-13,2002-09-24,hold,hold,0.30096648288025823,0.5349430600660336,0.16409045705370806,
fomc_20021106,2002-11-06,PanelB,B2_EmbeddingLinear,2002-09-24,2002-11-06,cut,cut,0.49073292608159186,0.32210200911745024,0.1871650648009579,
fomc_20021210,2002-12-10,PanelB,B2_EmbeddingLinear,2002-11-06,2002-12-10,hold,hold,0.3105595833494706,0.5356941737716954,0.15374624287883404,
fomc_20030129,2003-01-29,PanelB,B2_EmbeddingLinear,2002-12-10,2003-01-29,hold,hold,0.3887593241227209,0.43920369669468834,0.17203697918259078,
fomc_20030318,2003-03-18,PanelB,B2_EmbeddingLinear,2003-01-29,2003-03-18,hold,hold,0.29787645316134725,0.5417134892212848,0.1604100576173679,
fomc_20030506,2003-05-06,PanelB,B2_EmbeddingLinear,2003-03-18,2003-05-06,hold,hold,0.3528051830229484,0.48958712474295407,0.15760769223409773,
fomc_20030625,2003-06-25,PanelB,B2_EmbeddingLinear,2003-05-06,2003-06-25,cut,hold,0.34374086871869924,0.49124862763178745,0.16501050364951333,
fomc_20030812,2003-08-12,PanelB,B2_EmbeddingLinear,2003-06-25,2003-08-12,hold,hold,0.391238457741626,0.4498229519422211,0.15893859031615282,
fomc_20030916,2003-09-16,PanelB,B2_EmbeddingLinear,2003-08-12,2003-09-16,hold,hold,0.3441667583319854,0.5034020740884141,0.15243116757960057,
fomc_20031028,2003-10-28,PanelB,B2_EmbeddingLinear,2003-09-16,2003-10-28,hold,hold,0.3421674965574829,0.5219048671006806,0.1359276363418365,
fomc_20031209,2003-12-09,PanelB,B2_EmbeddingLinear,2003-10-28,2003-12-09,hold,hold,0.30017684757051627,0.5629928207923611,0.1368303316371226,
fomc_20040128,2004-01-28,PanelB,B2_EmbeddingLinear,2003-12-09,2004-01-28,hold,hold,0.24401128072332434,0.6203999765058372,0.13558874277083843,
fomc_20040316,2004-03-16,PanelB,B2_EmbeddingLinear,2004-01-28,2004-03-16,hold,hold,0.23124522534672576,0.6328771992818651,0.13587757537140902,
fomc_20040504,2004-05-04,PanelB,B2_EmbeddingLinear,2004-03-16,2004-05-04,hold,hold,0.22146687433709195,0.6412955592319023,0.13723756643100588,
fomc_20040630,2004-06-30,PanelB,B2_EmbeddingLinear,2004-05-04,2004-06-30,hike,hold,0.35918301263703,0.46730966759317244,0.1735073197697975,
fomc_20040810,2004-08-10,PanelB,B2_EmbeddingLinear,2004-06-30,2004-08-10,hike,hold,0.3551456676883005,0.40880463942113854,0.2360496928905609,
fomc_20040921,2004-09-21,PanelB,B2_EmbeddingLinear,2004-08-10,2004-09-21,hike,hold,0.3234224822125606,0.4101097579260662,0.26646775986137317,
fomc_20041110,2004-11-10,PanelB,B2_EmbeddingLinear,2004-09-21,2004-11-10,hike,hold,0.28776291873573845,0.3914454708071461,0.3207916104571155,
fomc_20041214,2004-12-14,PanelB,B2_EmbeddingLinear,2004-11-10,2004-12-14,hike,hike,0.27704578208746555,0.34791866185568016,0.37503555605685424,
fomc_20050202,2005-02-02,PanelB,B2_EmbeddingLinear,2004-12-14,2005-02-02,hike,hike,0.23575387372990378,0.3280691672389032,0.4361769590311931,
fomc_20050322,2005-03-22,PanelB,B2_EmbeddingLinear,2005-02-02,2005-03-22,hike,hike,0.22651733117548434,0.2750443816791189,0.49843828714539673,
fomc_20050503,2005-05-03,PanelB,B2_EmbeddingLinear,2005-03-22,2005-05-03,hike,hike,0.22097195630829236,0.23043595595436453,0.5485920877373431,
fomc_20050630,2005-06-30,PanelB,B2_EmbeddingLinear,2005-05-03,2005-06-30,hike,hike,0.19219033134775823,0.17571409037720945,0.6320955782750322,
fomc_20050809,2005-08-09,PanelB,B2_EmbeddingLinear,2005-06-30,2005-08-09,hike,hike,0.18867224404404498,0.193006411431047,0.6183213445249081,
fomc_20050920,2005-09-20,PanelB,B2_EmbeddingLinear,2005-08-09,2005-09-20,hike,hike,0.24339585787681917,0.2406176684882643,0.5159864736349166,
fomc_20051101,2005-11-01,PanelB,B2_EmbeddingLinear,2005-09-20,2005-11-01,hike,hold,0.11898417955447899,0.5073638570384229,0.37365196340709816,
fomc_20051213,2005-12-13,PanelB,B2_EmbeddingLinear,2005-11-01,2005-12-13,hike,hold,0.10326617699471688,0.5337263509256492,0.36300747207963396,
fomc_20060131,2006-01-31,PanelB,B2_EmbeddingLinear,2005-12-13,2006-01-31,hike,hold,0.16629822377467696,0.41753796349817723,0.4161638127271458,
fomc_20060328,2006-03-28,PanelB,B2_EmbeddingLinear,2006-01-31,2006-03-28,hike,hike,0.17716709135401132,0.34172407191726994,0.4811088367287186,
fomc_20060510,2006-05-10,PanelB,B2_EmbeddingLinear,2006-03-28,2006-05-10,hike,hike,0.18265826733657567,0.24349612525436118,0.5738456074090632,
fomc_20060629,2006-06-29,PanelB,B2_EmbeddingLinear,2006-05-10,2006-06-29,hike,hike,0.16847682913938114,0.31139651230798665,0.5201266585526323,
fomc_20060808,2006-08-08,PanelB,B2_EmbeddingLinear,2006-06-29,2006-08-08,hold,hike,0.19434616918506842,0.26224103197589144,0.54341279883904,
fomc_20060920,2006-09-20,PanelB,B2_EmbeddingLinear,2006-08-08,2006-09-20,hold,hike,0.15406606920129398,0.37283651855447875,0.4730974122442273,
fomc_20061025,2006-10-25,PanelB,B2_EmbeddingLinear,2006-09-20,2006-10-25,hold,hike,0.17252580666306905,0.3933386418103487,0.4341355515265823,
fomc_20061212,2006-12-12,PanelB,B2_EmbeddingLinear,2006-10-25,2006-12-12,hold,hold,0.16290630994279595,0.47047055154142103,0.36662313851578315,
fomc_20070131,2007-01-31,PanelB,B2_EmbeddingLinear,2006-12-12,2007-01-31,hold,hold,0.13207534172753901,0.43801452144969905,0.429910136822762,
fomc_20070321,2007-03-21,PanelB,B2_EmbeddingLinear,2007-01-31,2007-03-21,hold,hike,0.10939419995930127,0.4318183020341802,0.45878749800651847,
fomc_20070509,2007-05-09,PanelB,B2_EmbeddingLinear,2007-03-21,2007-05-09,hold,hold,0.11616264463969402,0.49551098822517475,0.3883263671351313,
fomc_20070618,2007-06-18,PanelB,B2_EmbeddingLinear,2007-05-09,2007-06-18,hold,hold,0.11552636878412095,0.5302432060853549,0.3542304251305242,
fomc_20070807,2007-08-07,PanelB,B2_EmbeddingLinear,2007-06-18,2007-08-07,hold,hold,0.1447945922386289,0.5044331646090977,0.3507722431522734,
fomc_20070810,2007-08-10,PanelB,B2_EmbeddingLinear,2007-08-07,2007-08-10,hold,hike,0.1635648387740737,0.38296337420232074,0.4534717870236055,
fomc_20070817,2007-08-17,PanelB,B2_EmbeddingLinear,2007-08-10,2007-08-17,hold,hold,0.13393717572939576,0.6295720722387285,0.23649075203187578,
fomc_20070918,2007-09-18,PanelB,B2_EmbeddingLinear,2007-08-17,2007-09-18,cut,hold,0.10475044185623264,0.635849209319643,0.25940034882412455,
fomc_20071031,2007-10-31,PanelB,B2_EmbeddingLinear,2007-09-18,2007-10-31,cut,hold,0.14076111718089046,0.5576696813865754,0.3015692014325342,
fomc_20071211,2007-12-11,PanelB,B2_EmbeddingLinear,2007-10-31,2007-12-11,cut,hold,0.1909278760209718,0.5177121239565126,0.29136000002251555,
fomc_20080122,2008-01-22,PanelB,B2_EmbeddingLinear,2007-12-11,2008-01-22,cut,hold,0.21650518922054093,0.5754468927732383,0.2080479180062207,
fomc_20080130,2008-01-30,PanelB,B2_EmbeddingLinear,2008-01-22,2008-01-30,cut,hold,0.21138418217203725,0.5911900683172667,0.197425749510696,
fomc_20080311,2008-03-11,PanelB,B2_EmbeddingLinear,2008-01-30,2008-03-11,hold,hike,0.3062973866745899,0.2912331321324469,0.4024694811929633,
fomc_20080318,2008-03-18,PanelB,B2_EmbeddingLinear,2008-03-11,2008-03-18,cut,hold,0.2595293565950866,0.49276553286500685,0.24770511053990651,
fomc_20080430,2008-04-30,PanelB,B2_EmbeddingLinear,2008-03-18,2008-04-30,cut,hold,0.3226832453638664,0.4060829710064872,0.2712337836296464,
fomc_20080625,2008-06-25,PanelB,B2_EmbeddingLinear,2008-04-30,2008-06-25,hold,hold,0.36682176824392476,0.39227453590263367,0.24090369585344162,
fomc_20080805,2008-08-05,PanelB,B2_EmbeddingLinear,2008-06-25,2008-08-05,hold,hold,0.31447184492612795,0.46513252610684286,0.22039562896702908,
fomc_20080916,2008-09-16,PanelB,B2_EmbeddingLinear,2008-08-05,2008-09-16,hold,hold,0.346236750779527,0.4424082517535236,0.21135499746694955,
fomc_20081008,2008-10-08,PanelB,B2_EmbeddingLinear,2008-09-16,2008-10-08,cut,hold,0.37316781525479054,0.39935611552945655,0.22747606921575295,
fomc_20081029,2008-10-29,PanelB,B2_EmbeddingLinear,2008-10-08,2008-10-29,cut,hold,0.3626249589380188,0.4558032078607962,0.18157183320118495,
fomc_20081216,2008-12-16,PanelB,B2_EmbeddingLinear,2008-10-29,2008-12-16,cut,hold,0.32067819832978117,0.48332000757601284,0.196001794094206,
fomc_20090128,2009-01-28,PanelB,B2_EmbeddingLinear,2008-12-16,2009-01-28,hold,hold,0.32425983738359804,0.4735944024655999,0.20214576015080216,
fomc_20090318,2009-03-18,PanelB,B2_EmbeddingLinear,2009-01-28,2009-03-18,hold,hold,0.3568390367041298,0.4475561302826477,0.1956048330132226,
fomc_20090429,2009-04-29,PanelB,B2_EmbeddingLinear,2009-03-18,2009-04-29,hold,hold,0.3245944055434073,0.4889121874138184,0.18649340704277415,
fomc_20090624,2009-06-24,PanelB,B2_EmbeddingLinear,2009-04-29,2009-06-24,hold,hold,0.26157274258294927,0.479572048412431,0.25885520900461967,
fomc_20090812,2009-08-12,PanelB,B2_EmbeddingLinear,2009-06-24,2009-08-12,hold,hold,0.2295834131473452,0.5469579593632228,0.22345862748943193,
fomc_20090923,2009-09-23,PanelB,B2_EmbeddingLinear,2009-08-12,2009-09-23,hold,hold,0.2417660552875555,0.5553149657482488,0.2029189789641958,
fomc_20091104,2009-11-04,PanelB,B2_EmbeddingLinear,2009-09-23,2009-11-04,hold,hold,0.220834024843244,0.6028112320447165,0.17635474311203947,
fomc_20091216,2009-12-16,PanelB,B2_EmbeddingLinear,2009-11-04,2009-12-16,hold,hold,0.28261130119746186,0.5021055254470735,0.21528317335546468,
fomc_20100127,2010-01-27,PanelB,B2_EmbeddingLinear,2009-12-16,2010-01-27,hold,hold,0.23804626670860268,0.5807930832710041,0.18116065002039322,
fomc_20100316,2010-03-16,PanelB,B2_EmbeddingLinear,2010-01-27,2010-03-16,hold,hold,0.20654709651476028,0.616236162670781,0.17721674081445865,
fomc_20100428,2010-04-28,PanelB,B2_EmbeddingLinear,2010-03-16,2010-04-28,hold,hold,0.17982397584829288,0.6633464004069858,0.15682962374472142,
fomc_20100509,2010-05-09,PanelB,B2_EmbeddingLinear,2010-04-28,2010-05-09,hold,hold,0.23364757281504459,0.4957629984402658,0.27058942874468955,
fomc_20100623,2010-06-23,PanelB,B2_EmbeddingLinear,2010-05-09,2010-06-23,hold,hold,0.20704006415887038,0.5924744492746771,0.20048548656645251,
fomc_20100810,2010-08-10,PanelB,B2_EmbeddingLinear,2010-06-23,2010-08-10,hold,hold,0.1830352620278518,0.6711668619288886,0.14579787604325953,
fomc_20100921,2010-09-21,PanelB,B2_EmbeddingLinear,2010-08-10,2010-09-21,hold,hold,0.13797994548701548,0.7254775487990681,0.13654250571391638,
fomc_20101103,2010-11-03,PanelB,B2_EmbeddingLinear,2010-09-21,2010-11-03,hold,hold,0.17226462817259627,0.6619106160094744,0.16582475581792938,
fomc_20101214,2010-12-14,PanelB,B2_EmbeddingLinear,2010-11-03,2010-12-14,hold,hold,0.14388487117704424,0.7199318203144982,0.1361833085084575,
fomc_20110126,2011-01-26,PanelB,B2_EmbeddingLinear,2010-12-14,2011-01-26,hold,hold,0.1549005623649662,0.7014276482913561,0.14367178934367772,
fomc_20110315,2011-03-15,PanelB,B2_EmbeddingLinear,2011-01-26,2011-03-15,hold,hold,0.15060707840013285,0.7023206520507566,0.14707226954911062,
fomc_20110427,2011-04-27,PanelB,B2_EmbeddingLinear,2011-03-15,2011-04-27,hold,hold,0.14704226343289303,0.6909992574547762,0.16195847911233072,
fomc_20110622,2011-06-22,PanelB,B2_EmbeddingLinear,2011-04-27,2011-06-22,hold,hold,0.15790532001283267,0.693001315658062,0.1490933643291054,
fomc_20110809,2011-08-09,PanelB,B2_EmbeddingLinear,2011-06-22,2011-08-09,hold,hold,0.18115262273020508,0.6681918282327205,0.15065554903707445,
fomc_20110921,2011-09-21,PanelB,B2_EmbeddingLinear,2011-08-09,2011-09-21,hold,hold,0.14942312586446738,0.7487819275676585,0.1017949465678741,
fomc_20111102,2011-11-02,PanelB,B2_EmbeddingLinear,2011-09-21,2011-11-02,hold,hold,0.155220870738827,0.7338617095179254,0.11091741974324755,
fomc_20111213,2011-12-13,PanelB,B2_EmbeddingLinear,2011-11-02,2011-12-13,hold,hold,0.15348238247293622,0.733642934093644,0.11287468343341969,
fomc_20120125,2012-01-25,PanelB,B2_EmbeddingLinear,2011-12-13,2012-01-25,hold,hold,0.137644640132777,0.7628325713320149,0.09952278853520821,
fomc_20120313,2012-03-13,PanelB,B2_EmbeddingLinear,2012-01-25,2012-03-13,hold,hold,0.11904338417083578,0.7748166232343695,0.10613999259479465,
fomc_20120425,2012-04-25,PanelB,B2_EmbeddingLinear,2012-03-13,2012-04-25,hold,hold,0.1227782936824426,0.7683780635075952,0.10884364280996224,
fomc_20120620,2012-06-20,PanelB,B2_EmbeddingLinear,2012-04-25,2012-06-20,hold,hold,0.1293901611631168,0.6884214779033666,0.18218836093351654,
fomc_20120801,2012-08-01,PanelB,B2_EmbeddingLinear,2012-06-20,2012-08-01,hold,hold,0.10811569547367528,0.8085970261660708,0.08328727836025408,
fomc_20120913,2012-09-13,PanelB,B2_EmbeddingLinear,2012-08-01,2012-09-13,hold,hold,0.09541895347623054,0.8120543482674291,0.09252669825634048,
fomc_20121024,2012-10-24,PanelB,B2_EmbeddingLinear,2012-09-13,2012-10-24,hold,hold,0.10761226513806411,0.7958196945667679,0.09656804029516802,
fomc_20121212,2012-12-12,PanelB,B2_EmbeddingLinear,2012-10-24,2012-12-12,hold,hold,0.10575508024834544,0.7905234225932286,0.103721497158426,
fomc_20130130,2013-01-30,PanelB,B2_EmbeddingLinear,2012-12-12,2013-01-30,hold,hold,0.09968991454404923,0.7932814183971304,0.10702866705882037,
fomc_20130320,2013-03-20,PanelB,B2_EmbeddingLinear,2013-01-30,2013-03-20,hold,hold,0.115977772704495,0.7691873837500545,0.11483484354545061,
fomc_20130501,2013-05-01,PanelB,B2_EmbeddingLinear,2013-03-20,2013-05-01,hold,hold,0.1080014793087599,0.7856748727126321,0.10632364797860801,
fomc_20130619,2013-06-19,PanelB,B2_EmbeddingLinear,2013-05-01,2013-06-19,hold,hold,0.10169244154370372,0.7945795184381892,0.1037280400181072,
fomc_20130731,2013-07-31,PanelB,B2_EmbeddingLinear,2013-06-19,2013-07-31,hold,hold,0.10380760606371955,0.8051220985801871,0.09107029535609329,
fomc_20130918,2013-09-18,PanelB,B2_EmbeddingLinear,2013-07-31,2013-09-18,hold,hold,0.10420192233356883,0.8028111325542419,0.09298694511218936,
fomc_20131030,2013-10-30,PanelB,B2_EmbeddingLinear,2013-09-18,2013-10-30,hold,hold,0.09697928001157675,0.8076251973734512,0.09539552261497201,
fomc_20131218,2013-12-18,PanelB,B2_EmbeddingLinear,2013-10-30,2013-12-18,hold,hold,0.10504578330952664,0.8009628303825966,0.0939913863078768,
fomc_20140129,2014-01-29,PanelB,B2_EmbeddingLinear,2013-12-18,2014-01-29,hold,hold,0.10436736541869314,0.809989899308851,0.08564273527245579,
fomc_20140319,2014-03-19,PanelB,B2_EmbeddingLinear,2014-01-29,2014-03-19,hold,hold,0.09070260932906092,0.8315367086776219,0.07776068199331718,
fomc_20140430,2014-04-30,PanelB,B2_EmbeddingLinear,2014-03-19,2014-04-30,hold,hold,0.09469769260337939,0.8247901740200991,0.0805121333765214,
fomc_20140618,2014-06-18,PanelB,B2_EmbeddingLinear,2014-04-30,2014-06-18,hold,hold,0.09428810888463353,0.81798200697366,0.08772988414170643,
fomc_20140730,2014-07-30,PanelB,B2_EmbeddingLinear,2014-06-18,2014-07-30,hold,hold,0.0979784246974099,0.8161235586332958,0.08589801666929434,
fomc_20140917,2014-09-17,PanelB,B2_EmbeddingLinear,2014-07-30,2014-09-17,hold,hold,0.08752239317319366,0.8341933633322693,0.0782842434945369,
fomc_20141029,2014-10-29,PanelB,B2_EmbeddingLinear,2014-09-17,2014-10-29,hold,hold,0.06753628135835082,0.8615392322062939,0.07092448643535536,
fomc_20141217,2014-12-17,PanelB,B2_EmbeddingLinear,2014-10-29,2014-12-17,hold,hold,0.06822863393149861,0.8607725420634452,0.07099882400505614,
fomc_20150128,2015-01-28,PanelB,B2_EmbeddingLinear,2014-12-17,2015-01-28,hold,hold,0.07352166190655042,0.8434084154261744,0.08306992266727511,
fomc_20150318,2015-03-18,PanelB,B2_EmbeddingLinear,2015-01-28,2015-03-18,hold,hold,0.07734986521935865,0.8394161354940297,0.08323399928661172,
fomc_20150429,2015-04-29,PanelB,B2_EmbeddingLinear,2015-03-18,2015-04-29,hold,hold,0.060104543925911504,0.8678316486010402,0.07206380747304816,
fomc_20150617,2015-06-17,PanelB,B2_EmbeddingLinear,2015-04-29,2015-06-17,hold,hold,0.06920409467683093,0.8595787006601905,0.07121720466297864,
fomc_20150729,2015-07-29,PanelB,B2_EmbeddingLinear,2015-06-17,2015-07-29,hold,hold,0.06958260032507999,0.8619600088921677,0.06845739078275226,
fomc_20150917,2015-09-17,PanelB,B2_EmbeddingLinear,2015-07-29,2015-09-17,hold,hold,0.06706739207556549,0.8588831581919919,0.07404944973244257,
fomc_20151028,2015-10-28,PanelB,B2_EmbeddingLinear,2015-09-17,2015-10-28,hold,hold,0.06282475898220594,0.8764618037659543,0.060713437251839746,
fomc_20151216,2015-12-16,PanelB,B2_EmbeddingLinear,2015-10-28,2015-12-16,hike,hold,0.07550793032861737,0.858622567882071,0.06586950178931154,
fomc_20160127,2016-01-27,PanelB,B2_EmbeddingLinear,2015-12-16,2016-01-27,hold,hold,0.08096791219777458,0.823024947582748,0.09600714021947737,
fomc_20160316,2016-03-16,PanelB,B2_EmbeddingLinear,2016-01-27,2016-03-16,hold,hold,0.0796361547182408,0.8159276483941724,0.10443619688758671,
fomc_20160427,2016-04-27,PanelB,B2_EmbeddingLinear,2016-03-16,2016-04-27,hold,hold,0.05790855037200392,0.868533104244274,0.07355834538372207,
fomc_20160615,2016-06-15,PanelB,B2_EmbeddingLinear,2016-04-27,2016-06-15,hold,hold,0.07762001720405177,0.8199080655536513,0.10247191724229689,
fomc_20160727,2016-07-27,PanelB,B2_EmbeddingLinear,2016-06-15,2016-07-27,hold,hold,0.07142607507729792,0.8280280982429677,0.10054582667973423,
fomc_20160921,2016-09-21,PanelB,B2_EmbeddingLinear,2016-07-27,2016-09-21,hold,hold,0.07010217909932238,0.8378368932036889,0.09206092769698856,
fomc_20161102,2016-11-02,PanelB,B2_EmbeddingLinear,2016-09-21,2016-11-02,hold,hold,0.06238614580131522,0.8540619765699221,0.08355187762876269,
fomc_20161214,2016-12-14,PanelB,B2_EmbeddingLinear,2016-11-02,2016-12-14,hike,hold,0.07058764791970845,0.8488785549390344,0.08053379714125715,
fomc_20170201,2017-02-01,PanelB,B2_EmbeddingLinear,2016-12-14,2017-02-01,hold,hold,0.08865966987889314,0.822693102323339,0.08864722779776779,
fomc_20170315,2017-03-15,PanelB,B2_EmbeddingLinear,2017-02-01,2017-03-15,hold,hold,0.08516818357109214,0.8055447514708639,0.10928706495804397,
fomc_20170503,2017-05-03,PanelB,B2_EmbeddingLinear,2017-03-15,2017-05-03,hold,hold,0.06728865861287801,0.8397226924784482,0.0929886489086737,
fomc_20170614,2017-06-14,PanelB,B2_EmbeddingLinear,2017-05-03,2017-06-14,hold,hold,0.0658371326175345,0.8447551556480676,0.08940771173439792,
fomc_20170726,2017-07-26,PanelB,B2_EmbeddingLinear,2017-06-14,2017-07-26,hold,hold,0.06531147750716702,0.8549372920784425,0.07975123041439057,
fomc_20170920,2017-09-20,PanelB,B2_EmbeddingLinear,2017-07-26,2017-09-20,hold,hold,0.11845207751399194,0.7091256345873719,0.17242228789863612,
fomc_20171101,2017-11-01,PanelB,B2_EmbeddingLinear,2017-09-20,2017-11-01,hold,hold,0.08501311948663019,0.788282732829162,0.12670414768420787,
fomc_20171213,2017-12-13,PanelB,B2_EmbeddingLinear,2017-11-01,2017-12-13,hold,hold,0.08115114622728624,0.8231784602419125,0.09567039353080109,
fomc_20180131,2018-01-31,PanelB,B2_EmbeddingLinear,2017-12-13,2018-01-31,hold,hold,0.06944325706746168,0.8580869550489015,0.0724697878836368,
fomc_20180321,2018-03-21,PanelB,B2_EmbeddingLinear,2018-01-31,2018-03-21,hold,hold,0.05974456008927103,0.8472061607573228,0.0930492791534061,
fomc_20180502,2018-05-02,PanelB,B2_EmbeddingLinear,2018-03-21,2018-05-02,hold,hold,0.07209675828076913,0.8548708453290719,0.073032396390159,
fomc_20180613,2018-06-13,PanelB,B2_EmbeddingLinear,2018-05-02,2018-06-13,hold,hold,0.08367530759661167,0.8147536376273342,0.10157105477605419,
fomc_20180801,2018-08-01,PanelB,B2_EmbeddingLinear,2018-06-13,2018-08-01,hold,hold,0.08147554067395942,0.830660220997771,0.08786423832826959,
fomc_20180926,2018-09-26,PanelB,B2_EmbeddingLinear,2018-08-01,2018-09-26,hold,hold,0.07883741469380127,0.835552151843556,0.0856104334626428,
fomc_20181108,2018-11-08,PanelB,B2_EmbeddingLinear,2018-09-26,2018-11-08,hold,hold,0.07135177365325504,0.8544189271991115,0.07422929914763343,
fomc_20181219,2018-12-19,PanelB,B2_EmbeddingLinear,2018-11-08,2018-12-19,hold,hold,0.07471270008559262,0.8502303489239188,0.07505695099048851,
fomc_20190130,2019-01-30,PanelB,B2_EmbeddingLinear,2018-12-19,2019-01-30,hold,hold,0.06334234767190379,0.8553380795671369,0.08131957276095916,
fomc_20190320,2019-03-20,PanelB,B2_EmbeddingLinear,2019-01-30,2019-03-20,hold,hold,0.0707231790934172,0.8342627679399992,0.09501405296658365,
fomc_20190501,2019-05-01,PanelB,B2_EmbeddingLinear,2019-03-20,2019-05-01,hold,hold,0.0593118290154552,0.8777657703135053,0.06292240067103959,
fomc_20190619,2019-06-19,PanelB,B2_EmbeddingLinear,2019-05-01,2019-06-19,hold,hold,0.06983054750925742,0.8466949975641904,0.08347445492655206,
fomc_20190731,2019-07-31,PanelB,B2_EmbeddingLinear,2019-06-19,2019-07-31,hold,hold,0.06584085550753731,0.8675430465283307,0.06661609796413198,
fomc_20190918,2019-09-18,PanelB,B2_EmbeddingLinear,2019-07-31,2019-09-18,hold,hold,0.06200527515946975,0.8733218752059007,0.06467284963462969,
fomc_20191011,2019-10-11,PanelB,B2_EmbeddingLinear,2019-09-18,2019-10-11,hold,hold,0.1510693393009266,0.6791094738562873,0.16982118684278613,
fomc_20191030,2019-10-30,PanelB,B2_EmbeddingLinear,2019-10-11,2019-10-30,hold,hold,0.059360918009059085,0.8788104493731035,0.061828632617837415,
fomc_20191211,2019-12-11,PanelB,B2_EmbeddingLinear,2019-10-30,2019-12-11,hold,hold,0.05757359906692315,0.8888522094839846,0.053574191449092146,
fomc_20200129,2020-01-29,PanelB,B2_EmbeddingLinear,2019-12-11,2020-01-29,hold,hold,0.05077373232388047,0.8974023555413939,0.05182391213472557,
fomc_20200303,2020-03-03,PanelB,B2_EmbeddingLinear,2020-01-29,2020-03-03,hold,hold,0.164065752251233,0.6729515883332698,0.16298265941549714,
fomc_20200315,2020-03-15,PanelB,B2_EmbeddingLinear,2020-03-03,2020-03-15,hold,hold,0.09562719010173387,0.7822385764357098,0.12213423346255636,
fomc_20200319,2020-03-19,PanelB,B2_EmbeddingLinear,2020-03-15,2020-03-19,hold,hold,0.19895967370428577,0.5935419011363436,0.20749842515937056,
fomc_20200323,2020-03-23,PanelB,B2_EmbeddingLinear,2020-03-19,2020-03-23,hold,hold,0.1008420424012494,0.8064142982615112,0.09274365933723948,
fomc_20200331,2020-03-31,PanelB,B2_EmbeddingLinear,2020-03-23,2020-03-31,hold,hold,0.13829787243990768,0.7020557754209807,0.1596463521391115,
fomc_20200429,2020-04-29,PanelB,B2_EmbeddingLinear,2020-03-31,2020-04-29,hold,hold,0.12369578170163183,0.7682535199651153,0.10805069833325281,
fomc_20200610,2020-06-10,PanelB,B2_EmbeddingLinear,2020-04-29,2020-06-10,hold,hold,0.108920903039848,0.7901714035019592,0.10090769345819273,
fomc_20200729,2020-07-29,PanelB,B2_EmbeddingLinear,2020-06-10,2020-07-29,hold,hold,0.10075983066943742,0.7995703939181619,0.09966977541240066,
fomc_20200916,2020-09-16,PanelB,B2_EmbeddingLinear,2020-07-29,2020-09-16,hold,hold,0.13251380233521365,0.7498960132001171,0.1175901844646692,
fomc_20201105,2020-11-05,PanelB,B2_EmbeddingLinear,2020-09-16,2020-11-05,hold,hold,0.12871265372551727,0.7654109594449078,0.1058763868295749,
fomc_20201216,2020-12-16,PanelB,B2_EmbeddingLinear,2020-11-05,2020-12-16,hold,hold,0.11897750093653996,0.783028977458805,0.09799352160465509,
fomc_20210127,2021-01-27,PanelB,B2_EmbeddingLinear,2020-12-16,2021-01-27,hold,hold,0.10085365962943119,0.8034497979258778,0.09569654244469097,
fomc_20210317,2021-03-17,PanelB,B2_EmbeddingLinear,2021-01-27,2021-03-17,hold,hold,0.10194562710246435,0.8022436143823517,0.09581075851518393,
fomc_20210428,2021-04-28,PanelB,B2_EmbeddingLinear,2021-03-17,2021-04-28,hold,hold,0.11372033420139567,0.7871718031535121,0.09910786264509225,
fomc_20210616,2021-06-16,PanelB,B2_EmbeddingLinear,2021-04-28,2021-06-16,hold,hold,0.11812210296692419,0.7790001996412946,0.10287769739178114,
fomc_20210728,2021-07-28,PanelB,B2_EmbeddingLinear,2021-06-16,2021-07-28,hold,hold,0.09893189513761308,0.8158968935649189,0.08517121129746796,
fomc_20210922,2021-09-22,PanelB,B2_EmbeddingLinear,2021-07-28,2021-09-22,hold,hold,0.09841074784721081,0.8180488547520316,0.08354039740075765,
fomc_20211103,2021-11-03,PanelB,B2_EmbeddingLinear,2021-09-22,2021-11-03,hold,hold,0.07583967857329808,0.8513723063429901,0.07278801508371184,
fomc_20211215,2021-12-15,PanelB,B2_EmbeddingLinear,2021-11-03,2021-12-15,hold,hold,0.06539162549111756,0.8734438037775883,0.061164570731294186,
fomc_20220126,2022-01-26,PanelB,B2_EmbeddingLinear,2021-12-15,2022-01-26,hold,hold,0.07520782954126592,0.8700205939509775,0.05477157650775646,
fomc_20220316,2022-03-16,PanelB,B2_EmbeddingLinear,2022-01-26,2022-03-16,hold,hold,0.14311694937278668,0.7631465096189164,0.09373654100829698,
fomc_20220504,2022-05-04,PanelB,B2_EmbeddingLinear,2022-03-16,2022-05-04,hold,hold,0.12789466877065747,0.7911636372481874,0.08094169398115518,
fomc_20220615,2022-06-15,PanelB,B2_EmbeddingLinear,2022-05-04,2022-06-15,hold,hold,0.10731680954217888,0.8182205401227217,0.07446265033509954,
fomc_20220727,2022-07-27,PanelB,B2_EmbeddingLinear,2022-06-15,2022-07-27,hold,hold,0.12490400178139387,0.7920408744056437,0.08305512381296233,
fomc_20220921,2022-09-21,PanelB,B2_EmbeddingLinear,2022-07-27,2022-09-21,hold,hold,0.10907686726347571,0.816103438673354,0.07481969406317027,
fomc_20221102,2022-11-02,PanelB,B2_EmbeddingLinear,2022-09-21,2022-11-02,hold,hold,0.10398351396924409,0.8266243048761304,0.06939218115462546,
fomc_20221214,2022-12-14,PanelB,B2_EmbeddingLinear,2022-11-02,2022-12-14,hold,hold,0.09940783116671605,0.8386027943686368,0.061989374464647064,
fomc_20230201,2023-02-01,PanelB,B2_EmbeddingLinear,2022-12-14,2023-02-01,hold,hold,0.10923574872332918,0.8192065899541754,0.0715576613224954,
fomc_20230322,2023-03-22,PanelB,B2_EmbeddingLinear,2023-02-01,2023-03-22,hold,hold,0.10548099202254925,0.8338936071779042,0.060625400799546585,
fomc_20230503,2023-05-03,PanelB,B2_EmbeddingLinear,2023-03-22,2023-05-03,hold,hold,0.10747161193572093,0.8168902228370871,0.07563816522719197,
fomc_20230614,2023-06-14,PanelB,B2_EmbeddingLinear,2023-05-03,2023-06-14,hold,hold,0.10644307242578398,0.8200953396938883,0.0734615878803278,
fomc_20230726,2023-07-26,PanelB,B2_EmbeddingLinear,2023-06-14,2023-07-26,hold,hold,0.10288939496365052,0.8207280608566916,0.07638254417965784,
fomc_20230920,2023-09-20,PanelB,B2_EmbeddingLinear,2023-07-26,2023-09-20,hold,hold,0.0937035465952835,0.84065116230635,0.06564529109836648,
fomc_20231101,2023-11-01,PanelB,B2_EmbeddingLinear,2023-09-20,2023-11-01,hold,hold,0.0838976798172087,0.8658489062117485,0.050253413971042785,
fomc_20231213,2023-12-13,PanelB,B2_EmbeddingLinear,2023-11-01,2023-12-13,hold,hold,0.08753480669383015,0.8601359511375645,0.052329242168605405,
fomc_20240131,2024-01-31,PanelB,B2_EmbeddingLinear,2023-12-13,2024-01-31,hold,hold,0.07466101421657499,0.8666162692481081,0.05872271653531702,
fomc_20240320,2024-03-20,PanelB,B2_EmbeddingLinear,2024-01-31,2024-03-20,hold,hold,0.06168643812111895,0.885399383221738,0.05291417865714312,
fomc_20240501,2024-05-01,PanelB,B2_EmbeddingLinear,2024-03-20,2024-05-01,hold,hold,0.0551039510871714,0.8983499706127985,0.046546078300030165,
fomc_20240612,2024-06-12,PanelB,B2_EmbeddingLinear,2024-05-01,2024-06-12,hold,hold,0.05455738068531673,0.8986118133747748,0.04683080593990845,
fomc_20240731,2024-07-31,PanelB,B2_EmbeddingLinear,2024-06-12,2024-07-31,hold,hold,0.05407880901879794,0.8996932515367039,0.04622793944449814,
fomc_20240918,2024-09-18,PanelB,B2_EmbeddingLinear,2024-07-31,2024-09-18,hold,hold,0.05528765942443638,0.900400542101622,0.04431179847394156,
fomc_20241107,2024-11-07,PanelB,B2_EmbeddingLinear,2024-09-18,2024-11-07,hold,hold,0.05125175363845954,0.9069487191087221,0.04179952725281833,
fomc_20241218,2024-12-18,PanelB,B2_EmbeddingLinear,2024-11-07,2024-12-18,hold,hold,0.049751151458228365,0.9099062587349853,0.04034258980678632,
fomc_20250129,2025-01-29,PanelB,B2_EmbeddingLinear,2024-12-18,2025-01-29,hold,hold,0.05006719099546353,0.9039742200682908,0.04595858893624572,
fomc_20250319,2025-03-19,PanelB,B2_EmbeddingLinear,2025-01-29,2025-03-19,hold,hold,0.050563984474685,0.8957342145934125,0.05370180093190243,
fomc_20250507,2025-05-07,PanelB,B2_EmbeddingLinear,2025-03-19,2025-05-07,hold,hold,0.04369227167709863,0.9173041798851213,0.03900354843778012,
fomc_20250618,2025-06-18,PanelB,B2_EmbeddingLinear,2025-05-07,2025-06-18,hold,hold,0.0515210990557078,0.8983991986976886,0.05007970224660358,
fomc_20250730,2025-07-30,PanelB,B2_EmbeddingLinear,2025-06-18,2025-07-30,hold,hold,0.05064013246850137,0.9041430119121789,0.04521685561931972,
fomc_20250917,2025-09-17,PanelB,B2_EmbeddingLinear,2025-07-30,2025-09-17,hold,hold,0.04857131422019887,0.9125852195462453,0.03884346623355574,
fomc_20251029,2025-10-29,PanelB,B2_EmbeddingLinear,2025-09-17,2025-10-29,hold,hold,0.04423362875230802,0.9174487884550241,0.038317582792667955,
fomc_20251210,2025-12-10,PanelB,B2_EmbeddingLinear,2025-10-29,2025-12-10,hold,hold,0.04228785807742483,0.9220715910072271,0.03564055091534802,
fomc_20260128,2026-01-28,PanelB,B2_EmbeddingLinear,2025-12-10,2026-01-28,hold,hold,0.051441402828376996,0.9069372838682174,0.041621313303405634,
fomc_20260318,2026-03-18,PanelB,B2_EmbeddingLinear,2026-01-28,2026-03-18,hold,hold,0.07186132382264218,0.8783314563428675,0.04980721983449022,
fomc_20000822,2000-08-22,PanelB,B3_LexiconLogit,2000-06-28,2000-08-22,hold,hike,0.24995891861069677,0.16665618443125077,0.5833848969580526,0.018867924528301886
fomc_20001003,2000-10-03,PanelB,B3_LexiconLogit,2000-08-22,2000-10-03,hold,hike,0.2398227434267156,0.19995312058492717,0.5602241359883571,0.029585798816568046
fomc_20001115,2000-11-15,PanelB,B3_LexiconLogit,2000-10-03,2000-11-15,hold,hike,0.23054047160906857,0.23075337065205018,0.5387061577388813,0.034482758620689655
fomc_20001219,2000-12-19,PanelB,B3_LexiconLogit,2000-11-15,2000-12-19,hold,hike,0.22226509825587337,0.25924849506324177,0.518486406680885,0.013793103448275862
fomc_20010103,2001-01-03,PanelB,B3_LexiconLogit,2000-12-19,2001-01-03,cut,hike,0.2143949590008997,0.2856917402523185,0.4999133007467817,0.008064516129032258
fomc_20010131,2001-01-31,PanelB,B3_LexiconLogit,2001-01-03,2001-01-31,cut,hike,0.24179679568400386,0.2757709676373914,0.4824322366786047,-0.010810810810810811
fomc_20010320,2001-03-20,PanelB,B3_LexiconLogit,2001-01-31,2001-03-20,cut,hike,0.2671446156735966,0.26655780799898005,0.4662975763274234,-0.005649717514124294
fomc_20010418,2001-04-18,PanelB,B3_LexiconLogit,2001-03-20,2001-04-18,cut,hike,0.29075050546328285,0.2579632660183123,0.4512862285184048,0.0
fomc_20010515,2001-05-15,PanelB,B3_LexiconLogit,2001-04-18,2001-05-15,cut,hike,0.31280949795714763,0.24992473610167307,0.4372657659411793,0.005263157894736842
fomc_20010627,2001-06-27,PanelB,B3_LexiconLogit,2001-05-15,2001-06-27,cut,hike,0.3335380995730409,0.2423717778659374,0.4240901225610216,0.008771929824561403
fomc_20010821,2001-08-21,PanelB,B3_LexiconLogit,2001-06-27,2001-08-21,cut,hike,0.3534879770090441,0.23515269029794414,0.41135933269301184,0.0
fomc_20010917,2001-09-17,PanelB,B3_LexiconLogit,2001-08-21,2001-09-17,cut,hike,0.3720156070888249,0.22841787906463726,0.39956651384653785,0.0
fomc_20011002,2001-10-02,PanelB,B3_LexiconLogit,2001-09-17,2001-10-02,cut,cut,0.3895104511755813,0.2220584982801708,0.388431050544248,0.0
fomc_20011106,2001-11-06,PanelB,B3_LexiconLogit,2001-10-02,2001-11-06,cut,cut,0.40605794305412424,0.2160403289556242,0.37790172799025157,0.0
fomc_20011211,2001-12-11,PanelB,B3_LexiconLogit,2001-11-06,2001-12-11,cut,cut,0.422141187786944,0.21022961087588213,0.3676292013371739,-0.007692307692307693
fomc_20020130,2002-01-30,PanelB,B3_LexiconLogit,2001-12-11,2002-01-30,hold,cut,0.43616341770309386,0.20505513817241158,0.3587814441244946,0.007633587786259542
fomc_20020319,2002-03-19,PanelB,B3_LexiconLogit,2002-01-30,2002-03-19,hold,cut,0.4261363764008357,0.22467714685063342,0.3491864767485309,-0.007874015748031496
fomc_20020507,2002-05-07,PanelB,B3_LexiconLogit,2002-03-19,2002-05-07,hold,cut,0.4156828568259845,0.24364926580879034,0.34066787736522514,-0.007936507936507936
fomc_20020626,2002-06-26,PanelB,B3_LexiconLogit,2002-05-07,2002-06-26,hold,cut,0.40498493319698176,0.26186395986946953,0.33315110693354877,0.006711409395973154
fomc_20020813,2002-08-13,PanelB,B3_LexiconLogit,2002-06-26,2002-08-13,hold,cut,0.3966849010442345,0.2788293354317643,0.3244857635240011,-0.016260162601626018
fomc_20020924,2002-09-24,PanelB,B3_LexiconLogit,2002-08-13,2002-09-24,hold,cut,0.3871481556366474,0.29540161426060985,0.31745023010274276,-0.007194244604316547
fomc_20021106,2002-11-06,PanelB,B3_LexiconLogit,2002-09-24,2002-11-06,cut,cut,0.378758923941176,0.31112947530139307,0.3101116007574308,-0.013793103448275862
fomc_20021210,2002-12-10,PanelB,B3_LexiconLogit,2002-11-06,2002-12-10,hold,cut,0.3929235682760385,0.3042586762007156,0.30281775552324597,-0.025
fomc_20030129,2003-01-29,PanelB,B3_LexiconLogit,2002-12-10,2003-01-29,hold,cut,0.3840257557149775,0.31927696683067847,0.2966972774543441,-0.016666666666666666
fomc_20030318,2003-03-18,PanelB,B3_LexiconLogit,2003-01-29,2003-03-18,hold,cut,0.376042117248003,0.3336406394242669,0.2903172433277302,-0.020202020202020204
fomc_20030506,2003-05-06,PanelB,B3_LexiconLogit,2003-03-18,2003-05-06,hold,cut,0.3674009051501811,0.346968771216341,0.2856303236334779,0.005988023952095809
fomc_20030625,2003-06-25,PanelB,B3_LexiconLogit,2003-05-06,2003-06-25,cut,cut,0.36041138635128417,0.36024324002249647,0.2793453736262193,-0.005847953216374269
fomc_20030812,2003-08-12,PanelB,B3_LexiconLogit,2003-06-25,2003-08-12,hold,cut,0.37238829524324335,0.3528690797168178,0.2747426250399388,0.012121212121212121
fomc_20030916,2003-09-16,PanelB,B3_LexiconLogit,2003-08-12,2003-09-16,hold,cut,0.3654283033298987,0.365403908519103,0.2691677881509983,0.006172839506172839
fomc_20031028,2003-10-28,PanelB,B3_LexiconLogit,2003-09-16,2003-10-28,hold,hold,0.3583333544400729,0.3772867092390116,0.2643799363209154,0.012269938650306749
fomc_20031209,2003-12-09,PanelB,B3_LexiconLogit,2003-10-28,2003-12-09,hold,hold,0.3516697700949323,0.38881039378092314,0.2595198361241446,0.013157894736842105
fomc_20040128,2004-01-28,PanelB,B3_LexiconLogit,2003-12-09,2004-01-28,hold,hold,0.3452868315694539,0.39993336790404715,0.25477980052649896,0.01282051282051282
fomc_20040316,2004-03-16,PanelB,B3_LexiconLogit,2004-01-28,2004-03-16,hold,hold,0.3391185286315632,0.41065295656179285,0.25022851480664393,0.012903225806451613
fomc_20040504,2004-05-04,PanelB,B3_LexiconLogit,2004-03-16,2004-05-04,hold,hold,0.3331666673211254,0.4209964306215565,0.24583690205731804,0.012987012987012988
fomc_20040630,2004-06-30,PanelB,B3_LexiconLogit,2004-05-04,2004-06-30,hike,hold,0.3276461690244725,0.43105313367397635,0.24130069730155118,0.006060606060606061
fomc_20040810,2004-08-10,PanelB,B3_LexiconLogit,2004-06-30,2004-08-10,hike,hold,0.32229046234687636,0.42381359863326573,0.25389593901985785,0.0
fomc_20040921,2004-09-21,PanelB,B3_LexiconLogit,2004-08-10,2004-09-21,hike,hold,0.3167197245601489,0.41668341487093113,0.26659686056892,0.006134969325153374
fomc_20041110,2004-11-10,PanelB,B3_LexiconLogit,2004-09-21,2004-11-10,hike,hold,0.31150638832211547,0.40984758696387935,0.27864602471400524,0.006756756756756757
fomc_20041214,2004-12-14,PanelB,B3_LexiconLogit,2004-11-10,2004-12-14,hike,hold,0.30648650766947166,0.4032399304680728,0.2902735618624555,0.006622516556291391
fomc_20050202,2005-02-02,PanelB,B3_LexiconLogit,2004-12-14,2005-02-02,hike,hold,0.3016209632618427,0.39683786245752206,0.30154117428063526,0.006666666666666667
fomc_20050322,2005-03-22,PanelB,B3_LexiconLogit,2005-02-02,2005-03-22,hike,hold,0.29681948534350716,0.390599836482958,0.3125806781735348,0.009433962264150943
fomc_20050503,2005-05-03,PanelB,B3_LexiconLogit,2005-03-22,2005-05-03,hike,hold,0.29189364629690145,0.38443933279229575,0.3236670209108028,0.020202020202020204
fomc_20050630,2005-06-30,PanelB,B3_LexiconLogit,2005-05-03,2005-06-30,hike,hold,0.28725892219383775,0.3784894802976601,0.3342515975085021,0.025974025974025976
fomc_20050809,2005-08-09,PanelB,B3_LexiconLogit,2005-06-30,2005-08-09,hike,hold,0.2830774922616087,0.37285826116036297,0.34406424657802825,0.022222222222222223
fomc_20050920,2005-09-20,PanelB,B3_LexiconLogit,2005-08-09,2005-09-20,hike,hold,0.2788109999894604,0.3672882448461068,0.35390075516443276,0.024539877300613498
fomc_20051101,2005-11-01,PanelB,B3_LexiconLogit,2005-09-20,2005-11-01,hike,hike,0.27454731895854334,0.3617911474798298,0.36366153356162684,0.0297029702970297
fomc_20051213,2005-12-13,PanelB,B3_LexiconLogit,2005-11-01,2005-12-13,hike,hike,0.2701316427956886,0.3562283149861102,0.37364004221820113,0.040983606557377046
fomc_20060131,2006-01-31,PanelB,B3_LexiconLogit,2005-12-13,2006-01-31,hike,hike,0.2659917262549191,0.3508628056512346,0.38314546809384625,0.04672897196261682
fomc_20060328,2006-03-28,PanelB,B3_LexiconLogit,2006-01-31,2006-03-28,hike,hike,0.2629583562655302,0.34644084493077926,0.3906007988036904,0.029940119760479042
fomc_20060510,2006-05-10,PanelB,B3_LexiconLogit,2006-03-28,2006-05-10,hike,hike,0.25893100238690137,0.34128955787634857,0.39977943973675006,0.03804347826086957
fomc_20060629,2006-06-29,PanelB,B3_LexiconLogit,2006-05-10,2006-06-29,hike,hike,0.2547336864232054,0.33598046294601636,0.4092858506307784,0.05056179775280899
fomc_20060808,2006-08-08,PanelB,B3_LexiconLogit,2006-06-29,2006-08-08,hold,hike,0.2514512147148516,0.33151648093321406,0.41703230435193434,0.04597701149425287
fomc_20060920,2006-09-20,PanelB,B3_LexiconLogit,2006-08-08,2006-09-20,hold,hike,0.24908815135301185,0.34135939555235784,0.4095524530946304,0.028169014084507043
fomc_20061025,2006-10-25,PanelB,B3_LexiconLogit,2006-09-20,2006-10-25,hold,hike,0.2460930171802251,0.35014776290577765,0.40375921991399716,0.023809523809523808
fomc_20061212,2006-12-12,PanelB,B3_LexiconLogit,2006-10-25,2006-12-12,hold,hike,0.24307925522804272,0.35860602196841973,0.3983147228035375,0.02127659574468085
fomc_20070131,2007-01-31,PanelB,B3_LexiconLogit,2006-12-12,2007-01-31,hold,hike,0.23756441592970953,0.3650191129130085,0.3974164711572819,0.06666666666666667
fomc_20070321,2007-03-21,PanelB,B3_LexiconLogit,2007-01-31,2007-03-21,hold,hike,0.2352284901569405,0.37395098716155767,0.3908205226815019,0.05309734513274336
fomc_20070509,2007-05-09,PanelB,B3_LexiconLogit,2007-03-21,2007-05-09,hold,hike,0.23223373208141396,0.3820217137293069,0.38574455418927917,0.05357142857142857
fomc_20070618,2007-06-18,PanelB,B3_LexiconLogit,2007-05-09,2007-06-18,hold,hold,0.2296871635464283,0.38995744344387423,0.38035539300969745,0.047619047619047616
fomc_20070807,2007-08-07,PanelB,B3_LexiconLogit,2007-06-18,2007-08-07,hold,hold,0.22743075203891702,0.3975662001051716,0.37500304785591143,0.038461538461538464
fomc_20070810,2007-08-10,PanelB,B3_LexiconLogit,2007-08-07,2007-08-10,hold,hold,0.22707704685829286,0.4047007561001023,0.36822219704160486,0.0
fomc_20070817,2007-08-17,PanelB,B3_LexiconLogit,2007-08-10,2007-08-17,hold,hold,0.22438346382462881,0.4117477250468388,0.3638688111285324,0.0
fomc_20070918,2007-09-18,PanelB,B3_LexiconLogit,2007-08-17,2007-09-18,cut,hold,0.22020004566117407,0.4185839107563772,0.36121604358244874,0.026490066225165563
fomc_20071031,2007-10-31,PanelB,B3_LexiconLogit,2007-09-18,2007-10-31,cut,hold,0.22686676110562737,0.4136759756073824,0.3594572632869903,0.06666666666666667
fomc_20071211,2007-12-11,PanelB,B3_LexiconLogit,2007-10-31,2007-12-11,cut,hold,0.23656466046673066,0.40877798894732653,0.3546573505859427,0.057692307692307696
fomc_20080122,2008-01-22,PanelB,B3_LexiconLogit,2007-12-11,2008-01-22,cut,hold,0.2478101683719146,0.40466889658001015,0.3475209350480753,0.0
fomc_20080130,2008-01-30,PanelB,B3_LexiconLogit,2008-01-22,2008-01-30,cut,hold,0.25554192343652976,0.3999988516978476,0.3444592248656225,0.015384615384615385
fomc_20080311,2008-03-11,PanelB,B3_LexiconLogit,2008-01-30,2008-03-11,hold,hold,0.26378515767762795,0.3956131855601021,0.34060165676226983,0.014018691588785047
fomc_20080318,2008-03-18,PanelB,B3_LexiconLogit,2008-03-11,2008-03-18,cut,hold,0.2593571762562453,0.4018969782116845,0.3387458455320701,0.04878048780487805
fomc_20080430,2008-04-30,PanelB,B3_LexiconLogit,2008-03-18,2008-04-30,cut,hold,0.2683699940062685,0.39771592733242533,0.33391407866130607,0.02702702702702703
fomc_20080625,2008-06-25,PanelB,B3_LexiconLogit,2008-04-30,2008-06-25,hold,hold,0.27594261844515555,0.3933977825591556,0.33065959899568875,0.03333333333333333
fomc_20080805,2008-08-05,PanelB,B3_LexiconLogit,2008-06-25,2008-08-05,hold,hold,0.27295967844708174,0.399835051055833,0.3272052704970853,0.03488372093023256
fomc_20080916,2008-09-16,PanelB,B3_LexiconLogit,2008-08-05,2008-09-16,hold,hold,0.27049721448763514,0.406211112064768,0.32329167344759674,0.024539877300613498
fomc_20081008,2008-10-08,PanelB,B3_LexiconLogit,2008-09-16,2008-10-08,cut,hold,0.2683831584142033,0.41239642904531165,0.31922041254048505,0.007380073800738007
fomc_20081029,2008-10-29,PanelB,B3_LexiconLogit,2008-10-08,2008-10-29,cut,hold,0.27653625119523606,0.4081883379382314,0.31527541086653244,-0.00847457627118644
fomc_20081216,2008-12-16,PanelB,B3_LexiconLogit,2008-10-29,2008-12-16,cut,hold,0.2837472358900293,0.40398304555512565,0.312269718554845,-0.0034482758620689655
fomc_20090128,2009-01-28,PanelB,B3_LexiconLogit,2008-12-16,2009-01-28,hold,hold,0.29109683937840075,0.3998699868251946,0.3090331737964047,-0.005235602094240838
fomc_20090318,2009-03-18,PanelB,B3_LexiconLogit,2009-01-28,2009-03-18,hold,hold,0.28603624671361766,0.4059816148211572,0.30798213846522515,0.037037037037037035
fomc_20090429,2009-04-29,PanelB,B3_LexiconLogit,2009-03-18,2009-04-29,hold,hold,0.2831960254200423,0.411904024604935,0.30489994997502273,0.037037037037037035
fomc_20090624,2009-06-24,PanelB,B3_LexiconLogit,2009-04-29,2009-06-24,hold,hold,0.2799045075728024,0.4178129331925135,0.30228255923468406,0.046511627906976744
fomc_20090812,2009-08-12,PanelB,B3_LexiconLogit,2009-06-24,2009-08-12,hold,hold,0.2771353598806501,0.4236073724079505,0.2992572677113994,0.046511627906976744
fomc_20090923,2009-09-23,PanelB,B3_LexiconLogit,2009-08-12,2009-09-23,hold,hold,0.27264482323682004,0.4300043356839492,0.29735084107923077,0.07692307692307693
fomc_20091104,2009-11-04,PanelB,B3_LexiconLogit,2009-09-23,2009-11-04,hold,hold,0.2697524403953855,0.4361313209349582,0.29411623866965625,0.07692307692307693
fomc_20091216,2009-12-16,PanelB,B3_LexiconLogit,2009-11-04,2009-12-16,hold,hold,0.2715662040723687,0.43887428938714124,0.28955950654049,0.00966183574879227
fomc_20100127,2010-01-27,PanelB,B3_LexiconLogit,2009-12-16,2010-01-27,hold,hold,0.2690790394735299,0.44405725034673876,0.2868637101797313,0.009146341463414634
fomc_20100316,2010-03-16,PanelB,B3_LexiconLogit,2010-01-27,2010-03-16,hold,hold,0.26633506993148376,0.4493509844006009,0.28431394566791535,0.013100436681222707
fomc_20100428,2010-04-28,PanelB,B3_LexiconLogit,2010-03-16,2010-04-28,hold,hold,0.2639400857841677,0.454340226985306,0.28171968723052626,0.012658227848101266
fomc_20100509,2010-05-09,PanelB,B3_LexiconLogit,2010-04-28,2010-05-09,hold,hold,0.2623904094299753,0.4587023669952896,0.2789072235747351,0.0
fomc_20100623,2010-06-23,PanelB,B3_LexiconLogit,2010-05-09,2010-06-23,hold,hold,0.2588233389661403,0.4643529515407023,0.2768237094931575,0.018691588785046728
fomc_20100810,2010-08-10,PanelB,B3_LexiconLogit,2010-06-23,2010-08-10,hold,hold,0.25705131237056844,0.4687586255865105,0.2741900620429211,0.010526315789473684
fomc_20100921,2010-09-21,PanelB,B3_LexiconLogit,2010-08-10,2010-09-21,hold,hold,0.25417282386977613,0.47382007892749906,0.27200709720272465,0.02040816326530612
fomc_20101103,2010-11-03,PanelB,B3_LexiconLogit,2010-09-21,2010-11-03,hold,hold,0.2524331778103181,0.4780926037650235,0.2694742184246585,0.012875536480686695
fomc_20101214,2010-12-14,PanelB,B3_LexiconLogit,2010-11-03,2010-12-14,hold,hold,0.24998877817001852,0.48276608613205135,0.26724513569793,0.017167381974248927
fomc_20110126,2011-01-26,PanelB,B3_LexiconLogit,2010-12-14,2011-01-26,hold,hold,0.24786115049376584,0.4871810476720275,0.2649578018342066,0.01702127659574468
fomc_20110315,2011-03-15,PanelB,B3_LexiconLogit,2011-01-26,2011-03-15,hold,hold,0.24449836478587836,0.4923494768872508,0.2631521583268708,0.03773584905660377
fomc_20110427,2011-04-27,PanelB,B3_LexiconLogit,2011-03-15,2011-04-27,hold,hold,0.24245744196976757,0.49666421010934597,0.2608783479208866,0.037037037037037035
fomc_20110622,2011-06-22,PanelB,B3_LexiconLogit,2011-04-27,2011-06-22,hold,hold,0.24101799230349358,0.5004798974766076,0.25850211021989894,0.027491408934707903
fomc_20110809,2011-08-09,PanelB,B3_LexiconLogit,2011-06-22,2011-08-09,hold,hold,0.23929744105465206,0.5044155042391156,0.2562870547062323,0.02318840579710145
fomc_20110921,2011-09-21,PanelB,B3_LexiconLogit,2011-08-09,2011-09-21,hold,hold,0.23814910300270167,0.5078501958543695,0.2540007011429289,0.010554089709762533
fomc_20111102,2011-11-02,PanelB,B3_LexiconLogit,2011-09-21,2011-11-02,hold,hold,0.2357870273270019,0.5121843170784404,0.2520286555945577,0.01718213058419244
fomc_20111213,2011-12-13,PanelB,B3_LexiconLogit,2011-11-02,2011-12-13,hold,hold,0.23389478365427804,0.5161101222998917,0.24999509404583017,0.01702127659574468
fomc_20120125,2012-01-25,PanelB,B3_LexiconLogit,2011-12-13,2012-01-25,hold,hold,0.23238985154172215,0.5196963055144446,0.24791384294383326,0.0111731843575419
fomc_20120313,2012-03-13,PanelB,B3_LexiconLogit,2012-01-25,2012-03-13,hold,hold,0.2299356850647256,0.5239805520239652,0.24608376291130912,0.020942408376963352
fomc_20120425,2012-04-25,PanelB,B3_LexiconLogit,2012-03-13,2012-04-25,hold,hold,0.22787445011407645,0.5279252375746087,0.24420031231131475,0.025
fomc_20120620,2012-06-20,PanelB,B3_LexiconLogit,2012-04-25,2012-06-20,hold,hold,0.22736732200486975,0.5306093720411803,0.2420233059539499,0.0045662100456621
fomc_20120801,2012-08-01,PanelB,B3_LexiconLogit,2012-06-20,2012-08-01,hold,hold,0.2255683049113693,0.5342938458083958,0.2401378492802349,0.004830917874396135
fomc_20120913,2012-09-13,PanelB,B3_LexiconLogit,2012-08-01,2012-09-13,hold,hold,0.2233987356702822,0.5382178822355246,0.2383833820941932,0.011848341232227487
fomc_20121024,2012-10-24,PanelB,B3_LexiconLogit,2012-09-13,2012-10-24,hold,hold,0.2216473802946133,0.5417801419799263,0.23657247772546033,0.01256281407035176
fomc_20121212,2012-12-12,PanelB,B3_LexiconLogit,2012-10-24,2012-12-12,hold,hold,0.22028888404218042,0.5450148882545143,0.23469622770330528,0.007009345794392523
fomc_20130130,2013-01-30,PanelB,B3_LexiconLogit,2012-12-12,2013-01-30,hold,hold,0.21887751426119814,0.548267188391882,0.23285529734691982,0.002544529262086514
fomc_20130320,2013-03-20,PanelB,B3_LexiconLogit,2013-01-30,2013-03-20,hold,hold,0.21675708684713896,0.5520002811996695,0.23124263195319147,0.01090909090909091
fomc_20130501,2013-05-01,PanelB,B3_LexiconLogit,2013-03-20,2013-05-01,hold,hold,0.2150151366226882,0.5554170527936142,0.22956781058369757,0.013289036544850499
fomc_20130619,2013-06-19,PanelB,B3_LexiconLogit,2013-05-01,2013-06-19,hold,hold,0.2134417492213993,0.5586816191193374,0.22787663165926325,0.013114754098360656
fomc_20130731,2013-07-31,PanelB,B3_LexiconLogit,2013-06-19,2013-07-31,hold,hold,0.21176963699003365,0.5619818533965948,0.22624850961337167,0.015197568389057751
fomc_20130918,2013-09-18,PanelB,B3_LexiconLogit,2013-07-31,2013-09-18,hold,hold,0.21047048095406803,0.5649954159856636,0.2245341030602684,0.01078167115902965
fomc_20131030,2013-10-30,PanelB,B3_LexiconLogit,2013-09-18,2013-10-30,hold,hold,0.20906559923311113,0.5680548016367796,0.2228795991301092,0.008620689655172414
fomc_20131218,2013-12-18,PanelB,B3_LexiconLogit,2013-10-30,2013-12-18,hold,hold,0.20714058067554794,0.5714303723306299,0.22142904699382215,0.01680672268907563
fomc_20140129,2014-01-29,PanelB,B3_LexiconLogit,2013-12-18,2014-01-29,hold,hold,0.2056800202820816,0.574464269808068,0.2198557099098505,0.01662049861495845
fomc_20140319,2014-03-19,PanelB,B3_LexiconLogit,2014-01-29,2014-03-19,hold,hold,0.20410097982291583,0.5775473397502919,0.21835168042679218,0.019189765458422176
fomc_20140430,2014-04-30,PanelB,B3_LexiconLogit,2014-03-19,2014-04-30,hold,hold,0.20261432992916117,0.5805420130529617,0.2168436570178771,0.020361990950226245
fomc_20140618,2014-06-18,PanelB,B3_LexiconLogit,2014-04-30,2014-06-18,hold,hold,0.20129097653181244,0.5833998164596973,0.21530920700849027,0.01873536299765808
fomc_20140730,2014-07-30,PanelB,B3_LexiconLogit,2014-06-18,2014-07-30,hold,hold,0.199894010857629,0.5862794190734396,0.2138265700689314,0.018912529550827423
fomc_20140917,2014-09-17,PanelB,B3_LexiconLogit,2014-07-30,2014-09-17,hold,hold,0.19850791809178842,0.5891258633169608,0.2123662185912508,0.019230769230769232
fomc_20141029,2014-10-29,PanelB,B3_LexiconLogit,2014-09-17,2014-10-29,hold,hold,0.19715469143493816,0.5919237215045395,0.21092158706052228,0.01929260450160772
fomc_20141217,2014-12-17,PanelB,B3_LexiconLogit,2014-10-29,2014-12-17,hold,hold,0.1963637455169153,0.5943005798219658,0.20933567466111896,0.008620689655172414
fomc_20150128,2015-01-28,PanelB,B3_LexiconLogit,2014-12-17,2015-01-28,hold,hold,0.1950744060034475,0.5970093177097733,0.20791627628677922,0.0079155672823219
fomc_20150318,2015-03-18,PanelB,B3_LexiconLogit,2015-01-28,2015-03-18,hold,hold,0.19363425771309983,0.5997969403094329,0.2065688019774674,0.010610079575596816
fomc_20150429,2015-04-29,PanelB,B3_LexiconLogit,2015-03-18,2015-04-29,hold,hold,0.19238460188997608,0.6024285399572334,0.20518685815279047,0.009852216748768473
fomc_20150617,2015-06-17,PanelB,B3_LexiconLogit,2015-04-29,2015-06-17,hold,hold,0.1910961589783088,0.6050628726149703,0.2038409684067209,0.010230179028132993
fomc_20150729,2015-07-29,PanelB,B3_LexiconLogit,2015-06-17,2015-07-29,hold,hold,0.1898341673065646,0.6076559023571044,0.20250993033633105,0.010416666666666666
fomc_20150917,2015-09-17,PanelB,B3_LexiconLogit,2015-07-29,2015-09-17,hold,hold,0.1885137020612929,0.610262169560832,0.2012241283778751,0.012224938875305624
fomc_20151028,2015-10-28,PanelB,B3_LexiconLogit,2015-09-17,2015-10-28,hold,hold,0.18750572978264277,0.6126481078358766,0.19984616238148067,0.007633587786259542
fomc_20151216,2015-12-16,PanelB,B3_LexiconLogit,2015-10-28,2015-12-16,hike,hold,0.18650245466051982,0.6150174234965313,0.19848012184294883,0.003067484662576687
fomc_20160127,2016-01-27,PanelB,B3_LexiconLogit,2015-12-16,2016-01-27,hold,hold,0.1854523541709754,0.6109755117836514,0.2035721340453732,0.0
fomc_20160316,2016-03-16,PanelB,B3_LexiconLogit,2016-01-27,2016-03-16,hold,hold,0.1841261890202027,0.6135580677749874,0.20231574320480974,0.0030120481927710845
fomc_20160427,2016-04-27,PanelB,B3_LexiconLogit,2016-03-16,2016-04-27,hold,hold,0.18295623251217769,0.6160118049720916,0.20103196251573063,0.002967359050445104
fomc_20160615,2016-06-15,PanelB,B3_LexiconLogit,2016-04-27,2016-06-15,hold,hold,0.1819229137266971,0.618364941015889,0.19971214525741393,0.0
fomc_20160727,2016-07-27,PanelB,B3_LexiconLogit,2016-06-15,2016-07-27,hold,hold,0.18052596734435886,0.6209029157779001,0.19857111687774104,0.0061162079510703364
fomc_20160921,2016-09-21,PanelB,B3_LexiconLogit,2016-07-27,2016-09-21,hold,hold,0.17964620936278286,0.6231325847639739,0.19722120587324327,0.0
fomc_20161102,2016-11-02,PanelB,B3_LexiconLogit,2016-09-21,2016-11-02,hold,hold,0.17840450834724858,0.6255357990121689,0.19605969264058254,0.003125
fomc_20161214,2016-12-14,PanelB,B3_LexiconLogit,2016-11-02,2016-12-14,hike,hold,0.1773026939995594,0.6278418808041172,0.19485542519632346,0.0031847133757961785
fomc_20170201,2017-02-01,PanelB,B3_LexiconLogit,2016-12-14,2017-02-01,hold,hold,0.1759400485950703,0.6241517668247613,0.1999081845801684,0.010869565217391304
fomc_20170315,2017-03-15,PanelB,B3_LexiconLogit,2017-02-01,2017-03-15,hold,hold,0.1746282108989303,0.6265408909337947,0.19883089816727498,0.017605633802816902
fomc_20170503,2017-05-03,PanelB,B3_LexiconLogit,2017-03-15,2017-05-03,hold,hold,0.17362547857082103,0.6287564404227723,0.19761808100640654,0.01644736842105263
fomc_20170614,2017-06-14,PanelB,B3_LexiconLogit,2017-05-03,2017-06-14,hold,hold,0.17261510611600475,0.6309548163071035,0.1964300775768918,0.015822784810126583
fomc_20170726,2017-07-26,PanelB,B3_LexiconLogit,2017-06-14,2017-07-26,hold,hold,0.17154170205655492,0.6331644314977138,0.1952938664457312,0.017241379310344827
fomc_20170920,2017-09-20,PanelB,B3_LexiconLogit,2017-07-26,2017-09-20,hold,hold,0.17035580481740328,0.6354117490983444,0.19423244608425233,0.022082018927444796
fomc_20171101,2017-11-01,PanelB,B3_LexiconLogit,2017-09-20,2017-11-01,hold,hold,0.1692960019698719,0.6375803201162089,0.19312367791391918,0.023809523809523808
fomc_20171213,2017-12-13,PanelB,B3_LexiconLogit,2017-11-01,2017-12-13,hold,hold,0.16800205381199684,0.6398618825892026,0.19213606359880045,0.0321285140562249
fomc_20180131,2018-01-31,PanelB,B3_LexiconLogit,2017-12-13,2018-01-31,hold,hold,0.1669245630282026,0.6420298894645021,0.19104554750729533,0.034653465346534656
fomc_20180321,2018-03-21,PanelB,B3_LexiconLogit,2018-01-31,2018-03-21,hold,hold,0.1657908566029986,0.6442277953323398,0.18998134806466158,0.03879310344827586
fomc_20180502,2018-05-02,PanelB,B3_LexiconLogit,2018-03-21,2018-05-02,hold,hold,0.16481086407321655,0.6463271781716718,0.1888619577551116,0.03902439024390244
fomc_20180613,2018-06-13,PanelB,B3_LexiconLogit,2018-05-02,2018-06-13,hold,hold,0.16402245211966,0.6482722340129872,0.18770531386735287,0.034782608695652174
fomc_20180801,2018-08-01,PanelB,B3_LexiconLogit,2018-06-13,2018-08-01,hold,hold,0.16251466129662737,0.650730338778552,0.18675499992482064,0.04854368932038835
fomc_20180926,2018-09-26,PanelB,B3_LexiconLogit,2018-08-01,2018-09-26,hold,hold,0.1615541049905268,0.6528094153834401,0.18563647962603308,0.04854368932038835
fomc_20181108,2018-11-08,PanelB,B3_LexiconLogit,2018-09-26,2018-11-08,hold,hold,0.16084480916993127,0.6546531027276496,0.18450208810241922,0.04310344827586207
fomc_20181219,2018-12-19,PanelB,B3_LexiconLogit,2018-11-08,2018-12-19,hold,hold,0.15993865757765505,0.6566314470623043,0.1834298953600407,0.042735042735042736
fomc_20190130,2019-01-30,PanelB,B3_LexiconLogit,2018-12-19,2019-01-30,hold,hold,0.1595707205222623,0.6580798328728568,0.18234944660488098,0.031007751937984496
fomc_20190320,2019-03-20,PanelB,B3_LexiconLogit,2019-01-30,2019-03-20,hold,hold,0.1588481461095228,0.659820858251312,0.18133099563916522,0.027586206896551724
fomc_20190501,2019-05-01,PanelB,B3_LexiconLogit,2019-03-20,2019-05-01,hold,hold,0.15732548070204527,0.6623374744827478,0.18033704481520682,0.04132231404958678
fomc_20190619,2019-06-19,PanelB,B3_LexiconLogit,2019-05-01,2019-06-19,hold,hold,0.1568580997952116,0.6638116528024601,0.17933024740232825,0.03278688524590164
fomc_20190731,2019-07-31,PanelB,B3_LexiconLogit,2019-06-19,2019-07-31,hold,hold,0.15626493222912444,0.6653777849479473,0.17835728282292831,0.0273972602739726
fomc_20190918,2019-09-18,PanelB,B3_LexiconLogit,2019-07-31,2019-09-18,hold,hold,0.15424984719062595,0.6684269749031975,0.1773231779061765,0.05128205128205128
fomc_20191011,2019-10-11,PanelB,B3_LexiconLogit,2019-09-18,2019-10-11,hold,hold,0.15554870081295472,0.6679353631907164,0.17651593599632884,0.008375209380234505
fomc_20191030,2019-10-30,PanelB,B3_LexiconLogit,2019-10-11,2019-10-30,hold,hold,0.15257115355085554,0.6720455315993276,0.1753833148498169,0.05128205128205128
fomc_20191211,2019-12-11,PanelB,B3_LexiconLogit,2019-10-30,2019-12-11,hold,hold,0.15171698671262532,0.6738952174023413,0.17438779588503336,0.05128205128205128
fomc_20200129,2020-01-29,PanelB,B3_LexiconLogit,2019-12-11,2020-01-29,hold,hold,0.15132412843187326,0.6751987376893859,0.17347713387874072,0.042735042735042736
fomc_20200303,2020-03-03,PanelB,B3_LexiconLogit,2020-01-29,2020-03-03,hold,hold,0.15280697425275028,0.6742414715567701,0.1729515541904796,0.0
fomc_20200315,2020-03-15,PanelB,B3_LexiconLogit,2020-03-03,2020-03-15,hold,hold,0.15116186070067952,0.6769422049472918,0.17189593435202874,0.015655577299412915
fomc_20200319,2020-03-19,PanelB,B3_LexiconLogit,2020-03-15,2020-03-19,hold,hold,0.15141458195680238,0.6774093431527142,0.1711760748904835,-0.004016064257028112
fomc_20200323,2020-03-23,PanelB,B3_LexiconLogit,2020-03-19,2020-03-23,hold,hold,0.15096877594621796,0.6787112946652334,0.17031992938854862,-0.011009174311926606
fomc_20200331,2020-03-31,PanelB,B3_LexiconLogit,2020-03-23,2020-03-31,hold,hold,0.15048220576079074,0.6800776914920093,0.16944010274720003,-0.017605633802816902
fomc_20200429,2020-04-29,PanelB,B3_LexiconLogit,2020-03-31,2020-04-29,hold,hold,0.14864811877202655,0.6829258734361853,0.16842600779178818,0.0031446540880503146
fomc_20200610,2020-06-10,PanelB,B3_LexiconLogit,2020-04-29,2020-06-10,hold,hold,0.14773553397637393,0.6847140971581575,0.16755036886546867,0.006230529595015576
fomc_20200729,2020-07-29,PanelB,B3_LexiconLogit,2020-06-10,2020-07-29,hold,hold,0.1469879072136776,0.6863138223916678,0.16669827039465457,0.006097560975609756
fomc_20200916,2020-09-16,PanelB,B3_LexiconLogit,2020-07-29,2020-09-16,hold,hold,0.1461600106126168,0.6879896293477603,0.16585036003962295,0.007874015748031496
fomc_20201105,2020-11-05,PanelB,B3_LexiconLogit,2020-09-16,2020-11-05,hold,hold,0.14559989457769057,0.6893765704446003,0.165023534977709,0.00398406374501992
fomc_20201216,2020-12-16,PanelB,B3_LexiconLogit,2020-11-05,2020-12-16,hold,hold,0.14486543309625224,0.6909408132543958,0.16419375364935188,0.00398406374501992
fomc_20210127,2021-01-27,PanelB,B3_LexiconLogit,2020-12-16,2021-01-27,hold,hold,0.14413975045800723,0.6924879355964666,0.16337231394552623,0.003952569169960474
fomc_20210317,2021-03-17,PanelB,B3_LexiconLogit,2021-01-27,2021-03-17,hold,hold,0.1432413804876679,0.6941987347360703,0.16255988477626174,0.008097165991902834
fomc_20210428,2021-04-28,PanelB,B3_LexiconLogit,2021-03-17,2021-04-28,hold,hold,0.14270534108771374,0.6955378243187553,0.16175683459353088,0.004098360655737705
fomc_20210616,2021-06-16,PanelB,B3_LexiconLogit,2021-04-28,2021-06-16,hold,hold,0.14199784203446314,0.6970422827834452,0.16095987518209165,0.004149377593360996
fomc_20210728,2021-07-28,PanelB,B3_LexiconLogit,2021-06-16,2021-07-28,hold,hold,0.14129367381906804,0.6985352993144087,0.16017102686652326,0.004291845493562232
fomc_20210922,2021-09-22,PanelB,B3_LexiconLogit,2021-07-28,2021-09-22,hold,hold,0.1406074999417579,0.700002987881828,0.15938951217641406,0.004166666666666667
fomc_20211103,2021-11-03,PanelB,B3_LexiconLogit,2021-09-22,2021-11-03,hold,hold,0.13994549219532815,0.7014404706166867,0.15861403718798528,0.0035971223021582736
fomc_20211215,2021-12-15,PanelB,B3_LexiconLogit,2021-11-03,2021-12-15,hold,hold,0.1394072211389525,0.702758815886962,0.15783396297408545,0.0
fomc_20220126,2022-01-26,PanelB,B3_LexiconLogit,2021-12-15,2022-01-26,hold,hold,0.1385759420455997,0.7043368592016659,0.15708719875273444,0.004016064257028112
fomc_20220316,2022-03-16,PanelB,B3_LexiconLogit,2022-01-26,2022-03-16,hold,hold,0.13627304978822297,0.7071738631096102,0.15655308710216684,0.047872340425531915
fomc_20220504,2022-05-04,PanelB,B3_LexiconLogit,2022-03-16,2022-05-04,hold,hold,0.1357495209221297,0.7084986420630786,0.15575183701479164,0.043859649122807015
fomc_20220615,2022-06-15,PanelB,B3_LexiconLogit,2022-05-04,2022-06-15,hold,hold,0.13504249176092845,0.7099715537632609,0.1549859544758106,0.045
fomc_20220727,2022-07-27,PanelB,B3_LexiconLogit,2022-06-15,2022-07-27,hold,hold,0.13419521591877026,0.7115796483963084,0.1542251356849213,0.049723756906077346
fomc_20220921,2022-09-21,PanelB,B3_LexiconLogit,2022-07-27,2022-09-21,hold,hold,0.1335458090117839,0.7129983774568095,0.1534558135314066,0.04945054945054945
fomc_20221102,2022-11-02,PanelB,B3_LexiconLogit,2022-09-21,2022-11-02,hold,hold,0.1328924419285709,0.7144125677840479,0.15269499028738123,0.04945054945054945
fomc_20221214,2022-12-14,PanelB,B3_LexiconLogit,2022-11-02,2022-12-14,hold,hold,0.13224567038968052,0.7158123641265445,0.151941965483775,0.04945054945054945
fomc_20230201,2023-02-01,PanelB,B3_LexiconLogit,2022-12-14,2023-02-01,hold,hold,0.13236095835070238,0.7163462390541794,0.1512928025951182,0.032467532467532464
fomc_20230322,2023-03-22,PanelB,B3_LexiconLogit,2023-02-01,2023-03-22,hold,hold,0.13167751370393108,0.7177413393651575,0.15058114693091135,0.03409090909090909
fomc_20230503,2023-05-03,PanelB,B3_LexiconLogit,2023-03-22,2023-05-03,hold,hold,0.13096823195288754,0.71916394001,0.14986782803711243,0.03636363636363636
fomc_20230614,2023-06-14,PanelB,B3_LexiconLogit,2023-05-03,2023-06-14,hold,hold,0.1303954973012337,0.7204256602759632,0.1491788424228032,0.03571428571428571
fomc_20230726,2023-07-26,PanelB,B3_LexiconLogit,2023-06-14,2023-07-26,hold,hold,0.12978922691396663,0.7217204521971916,0.14849032088884176,0.03592814371257485
fomc_20230920,2023-09-20,PanelB,B3_LexiconLogit,2023-07-26,2023-09-20,hold,hold,0.1289406604407181,0.7233026032854044,0.14775673627387756,0.04142011834319527
fomc_20231101,2023-11-01,PanelB,B3_LexiconLogit,2023-09-20,2023-11-01,hold,hold,0.1281448997521154,0.7248285365414239,0.14702656370646078,0.045714285714285714
fomc_20231213,2023-12-13,PanelB,B3_LexiconLogit,2023-11-01,2023-12-13,hold,hold,0.1276718417493479,0.725959231146167,0.146368927104485,0.043243243243243246
fomc_20240131,2024-01-31,PanelB,B3_LexiconLogit,2023-12-13,2024-01-31,hold,hold,0.12710006559950301,0.7272029979006801,0.14569693649981694,0.043010752688172046
fomc_20240320,2024-03-20,PanelB,B3_LexiconLogit,2024-01-31,2024-03-20,hold,hold,0.12645130638621044,0.728540153743205,0.1450085398705845,0.044444444444444446
fomc_20240501,2024-05-01,PanelB,B3_LexiconLogit,2024-03-20,2024-05-01,hold,hold,0.12588277016318733,0.7297719518663381,0.14434527797047444,0.04433497536945813
fomc_20240612,2024-06-12,PanelB,B3_LexiconLogit,2024-05-01,2024-06-12,hold,hold,0.12529159799130327,0.7310287727458841,0.14367962926281264,0.04477611940298507
fomc_20240731,2024-07-31,PanelB,B3_LexiconLogit,2024-06-12,2024-07-31,hold,hold,0.12529778476931377,0.7314851319935597,0.14321708323712665,0.033816425120772944
fomc_20240918,2024-09-18,PanelB,B3_LexiconLogit,2024-07-31,2024-09-18,hold,hold,0.12473275769138881,0.7326853829541043,0.14258185935450685,0.03414634146341464
fomc_20241107,2024-11-07,PanelB,B3_LexiconLogit,2024-09-18,2024-11-07,hold,hold,0.12440080616057508,0.7335670227855621,0.14203217105386282,0.03015075376884422
fomc_20241218,2024-12-18,PanelB,B3_LexiconLogit,2024-11-07,2024-12-18,hold,hold,0.12386445702959963,0.7347179925889877,0.1414175503814127,0.03015075376884422
fomc_20250129,2025-01-29,PanelB,B3_LexiconLogit,2024-12-18,2025-01-29,hold,hold,0.1232204513903531,0.7360124076816291,0.14076714092801781,0.03225806451612903
fomc_20250319,2025-03-19,PanelB,B3_LexiconLogit,2025-01-29,2025-03-19,hold,hold,0.12284487866499957,0.7369368734134272,0.14021824792157314,0.029411764705882353
fomc_20250507,2025-05-07,PanelB,B3_LexiconLogit,2025-03-19,2025-05-07,hold,hold,0.12167660127468607,0.7389494559927681,0.1393739427325459,0.04145077720207254
fomc_20250618,2025-06-18,PanelB,B3_LexiconLogit,2025-05-07,2025-06-18,hold,hold,0.12184883623624519,0.7391103466417085,0.13904081712204627,0.02857142857142857
fomc_20250730,2025-07-30,PanelB,B3_LexiconLogit,2025-06-18,2025-07-30,hold,hold,0.12133553204036773,0.7402111274367875,0.13845334052284472,0.02857142857142857
fomc_20250917,2025-09-17,PanelB,B3_LexiconLogit,2025-07-30,2025-09-17,hold,hold,0.12087829355496617,0.7412300482435332,0.13789165820150062,0.027624309392265192
fomc_20251029,2025-10-29,PanelB,B3_LexiconLogit,2025-09-17,2025-10-29,hold,hold,0.12049661527823803,0.7421387831338788,0.1373646015878831,0.025380710659898477
fomc_20251210,2025-12-10,PanelB,B3_LexiconLogit,2025-10-29,2025-12-10,hold,hold,0.12018039988182973,0.7429508023378346,0.13686879778033564,0.022026431718061675
fomc_20260128,2026-01-28,PanelB,B3_LexiconLogit,2025-12-10,2026-01-28,hold,hold,0.11924116718911694,0.7446384706832657,0.1361203621276173,0.030120481927710843
fomc_20260318,2026-03-18,PanelB,B3_LexiconLogit,2026-01-28,2026-03-18,hold,hold,0.11889372270512223,0.7454894491200903,0.13561682817478748,0.027472527472527472
